dataset,seed,method,proxy,n_calibration_pairs,n_calibration_components,max_pairs_per_calibration_component,minimum_components_alpha_0_10,component_crc_numerically_feasible,component_crc_fraction,component_calibration_empirical_risk,component_calibration_corrected_risk,pair_crc_descriptive_fraction,pair_calibration_empirical_risk,pair_calibration_corrected_risk,fallback_when_infeasible,guarantee
CHEMBL204_Ki,17,atom_occlusion,main_variable_plus_attachment_symmetry_closed,59,13,21,9,True,0.93,0.02846695273073719,0.0978621703928274,0.93,0.07226215899275668,0.08772445634287739,not_needed,none; clustered retrospective stress test
CHEMBL204_Ki,17,atom_occlusion,variable_only_symmetry_closed,59,13,21,9,True,0.93,0.029356526830486056,0.09868820348545133,0.93,0.07577218300115399,0.09117597995113474,not_needed,none; clustered retrospective stress test
CHEMBL204_Ki,17,atom_occlusion,one_hop_expanded_symmetry_closed,59,13,21,9,True,0.9500000000000001,0.02819493436396949,0.09760958190940025,0.93,0.07985707330641637,0.09519278875130938,not_needed,none; clustered retrospective stress test
CHEMBL204_Ki,17,integrated_gradients,main_variable_plus_attachment_symmetry_closed,59,13,21,9,True,0.97,0.02946379945126813,0.09878781377617754,0.9400000000000001,0.0801598114443788,0.09549048125363917,not_needed,none; clustered retrospective stress test
CHEMBL204_Ki,17,integrated_gradients,variable_only_symmetry_closed,59,13,21,9,True,0.97,0.02938251243148101,0.0987123329720895,0.9400000000000001,0.08035875239749886,0.0956861065242072,not_needed,none; clustered retrospective stress test
CHEMBL204_Ki,17,integrated_gradients,one_hop_expanded_symmetry_closed,59,13,21,9,True,0.97,0.02688910703207956,0.0963970279583596,0.9400000000000001,0.08187021873117477,0.09717238175232182,not_needed,none; clustered retrospective stress test
CHEMBL204_Ki,29,atom_occlusion,main_variable_plus_attachment_symmetry_closed,59,13,21,9,True,0.98,0.02660597293694459,0.09613411772716283,0.91,0.07918254705944269,0.09452950460845196,not_needed,none; clustered retrospective stress test
CHEMBL204_Ki,29,atom_occlusion,variable_only_symmetry_closed,59,13,21,9,True,0.99,0.0,0.07142857142857142,0.91,0.08013439348866706,0.09546548693052258,not_needed,none; clustered retrospective stress test
CHEMBL204_Ki,29,atom_occlusion,one_hop_expanded_symmetry_closed,59,13,21,9,True,0.97,0.02839492828988628,0.09779529055489442,0.9,0.08215892845753264,0.09745627964990707,not_needed,none; clustered retrospective stress test
CHEMBL204_Ki,29,integrated_gradients,main_variable_plus_attachment_symmetry_closed,59,13,21,9,True,0.97,0.02091451105874183,0.09084918884026028,0.91,0.08236810543010364,0.09766197033960192,not_needed,none; clustered retrospective stress test
CHEMBL204_Ki,29,integrated_gradients,variable_only_symmetry_closed,59,13,21,9,True,0.96,0.028077183653624757,0.09750024196408012,0.91,0.08133927895786486,0.09665029097523378,not_needed,none; clustered retrospective stress test
CHEMBL204_Ki,29,integrated_gradients,one_hop_expanded_symmetry_closed,59,13,21,9,True,0.96,0.028140937804803354,0.0975594422473174,0.9,0.08308046352608321,0.09836245580064847,not_needed,none; clustered retrospective stress test
CHEMBL204_Ki,43,atom_occlusion,main_variable_plus_attachment_symmetry_closed,59,13,21,9,True,0.97,0.02557081807081807,0.09517290249433107,0.89,0.0808897802564172,0.09620828391881026,not_needed,none; clustered retrospective stress test
CHEMBL204_Ki,43,atom_occlusion,variable_only_symmetry_closed,59,13,21,9,True,0.97,0.014054087280631903,0.08447879533201534,0.9,0.06912047578754553,0.08463513452441977,not_needed,none; clustered retrospective stress test
CHEMBL204_Ki,43,atom_occlusion,one_hop_expanded_symmetry_closed,59,13,21,9,True,0.97,0.019551127884461214,0.08958319017842828,0.89,0.07738639399443599,0.09276328742786207,not_needed,none; clustered retrospective stress test
CHEMBL204_Ki,43,integrated_gradients,main_variable_plus_attachment_symmetry_closed,59,13,21,9,True,0.98,0.018706696394666326,0.08879907522361874,0.92,0.07958681174113824,0.0949270315454526,not_needed,none; clustered retrospective stress test
CHEMBL204_Ki,43,integrated_gradients,variable_only_symmetry_closed,59,13,21,9,True,0.98,0.019202229386737973,0.08925921300197097,0.92,0.0798102407289149,0.09514673671676634,not_needed,none; clustered retrospective stress test
CHEMBL204_Ki,43,integrated_gradients,one_hop_expanded_symmetry_closed,59,13,21,9,True,0.97,0.024627299344903777,0.09429677796312494,0.92,0.08462046337929559,0.09987678898964064,not_needed,none; clustered retrospective stress test
CHEMBL214_Ki,17,atom_occlusion,main_variable_plus_attachment_symmetry_closed,47,15,10,9,True,0.96,0.03888264462671067,0.09895247933754125,0.92,0.07010512560871562,0.08947793549186735,not_needed,none; clustered retrospective stress test
CHEMBL214_Ki,17,atom_occlusion,variable_only_symmetry_closed,47,15,10,9,True,0.9500000000000001,0.030684384062142977,0.09126661005825903,0.9,0.07963502376142541,0.09880929409972905,not_needed,none; clustered retrospective stress test
CHEMBL214_Ki,17,atom_occlusion,one_hop_expanded_symmetry_closed,47,15,10,9,True,0.9500000000000001,0.03747574263038565,0.09763350871598656,0.92,0.07273504523327096,0.09205306512424445,not_needed,none; clustered retrospective stress test
CHEMBL214_Ki,17,integrated_gradients,main_variable_plus_attachment_symmetry_closed,47,15,10,9,True,0.93,0.03734434894382799,0.09751032713483873,0.91,0.06721810914038472,0.08665106519996003,not_needed,none; clustered retrospective stress test
CHEMBL214_Ki,17,integrated_gradients,variable_only_symmetry_closed,47,15,10,9,True,0.9400000000000001,0.035163210658625314,0.09546550999246123,0.91,0.07457856573335682,0.09385817894724523,not_needed,none; clustered retrospective stress test
CHEMBL214_Ki,17,integrated_gradients,one_hop_expanded_symmetry_closed,47,15,10,9,True,0.9500000000000001,0.03945550936233686,0.0994895400271908,0.91,0.07574274058550119,0.09499810015663661,not_needed,none; clustered retrospective stress test
CHEMBL214_Ki,29,atom_occlusion,main_variable_plus_attachment_symmetry_closed,47,15,10,9,True,0.96,0.03558710577188557,0.09586291166114272,0.87,0.07780206405705097,0.09701452105586243,not_needed,none; clustered retrospective stress test
CHEMBL214_Ki,29,atom_occlusion,variable_only_symmetry_closed,47,15,10,9,True,0.97,0.021443469785575053,0.0826032529239766,0.86,0.07793451752300806,0.09714421507461207,not_needed,none; clustered retrospective stress test
CHEMBL214_Ki,29,atom_occlusion,one_hop_expanded_symmetry_closed,47,15,10,9,True,0.9500000000000001,0.03666138453661579,0.0968700480030773,0.87,0.07842431007984915,0.09762380361985228,not_needed,none; clustered retrospective stress test
CHEMBL214_Ki,29,integrated_gradients,main_variable_plus_attachment_symmetry_closed,47,15,10,9,True,0.97,0.028344610022951095,0.08907307189651666,0.9400000000000001,0.07165063250284909,0.09099124432570638,not_needed,none; clustered retrospective stress test
CHEMBL214_Ki,29,integrated_gradients,variable_only_symmetry_closed,47,15,10,9,True,0.97,0.03490798199621729,0.0952262331214537,0.9400000000000001,0.0712345884833672,0.09058386788996371,not_needed,none; clustered retrospective stress test
CHEMBL214_Ki,29,integrated_gradients,one_hop_expanded_symmetry_closed,47,15,10,9,True,0.97,0.025513762245096508,0.08641915210477798,0.9400000000000001,0.06812127916239888,0.0875354191798489,not_needed,none; clustered retrospective stress test
CHEMBL214_Ki,43,atom_occlusion,main_variable_plus_attachment_symmetry_closed,47,15,10,9,True,0.96,0.034874269690249864,0.09519462783460925,0.93,0.0727172099746227,0.09203560143348473,not_needed,none; clustered retrospective stress test
CHEMBL214_Ki,43,atom_occlusion,variable_only_symmetry_closed,47,15,10,9,True,0.96,0.037783013319483305,0.09792157498701559,0.9400000000000001,0.07281135937249457,0.09212778938556761,not_needed,none; clustered retrospective stress test
CHEMBL214_Ki,43,atom_occlusion,one_hop_expanded_symmetry_closed,47,15,10,9,True,0.96,0.033893728122410136,0.0942753701147595,0.93,0.0673561266440609,0.08678620733897628,not_needed,none; clustered retrospective stress test
CHEMBL214_Ki,43,integrated_gradients,main_variable_plus_attachment_symmetry_closed,47,15,10,9,True,0.97,0.035954969021711955,0.09620778345785497,0.93,0.06290539023705197,0.08242819460711334,not_needed,none; clustered retrospective stress test
CHEMBL214_Ki,43,integrated_gradients,variable_only_symmetry_closed,47,15,10,9,True,0.97,0.03843284493284494,0.09853079212454213,0.93,0.07696097185387332,0.09619095160691765,not_needed,none; clustered retrospective stress test
CHEMBL214_Ki,43,integrated_gradients,one_hop_expanded_symmetry_closed,47,15,10,9,True,0.96,0.03703775784061426,0.09722289797557587,0.92,0.07853721212109886,0.09773435353524267,not_needed,none; clustered retrospective stress test
CHEMBL228_Ki,17,atom_occlusion,main_variable_plus_attachment_symmetry_closed,51,10,28,9,True,0.96,0.008157616193330478,0.09832510563030045,0.91,0.07748455423977246,0.09522523588900758,not_needed,none; clustered retrospective stress test
CHEMBL228_Ki,17,atom_occlusion,variable_only_symmetry_closed,51,10,28,9,True,0.96,0.009461817422343739,0.09951074311122157,0.91,0.07901589828033727,0.09672713100571541,not_needed,none; clustered retrospective stress test
CHEMBL228_Ki,17,atom_occlusion,one_hop_expanded_symmetry_closed,51,10,28,9,True,0.96,0.006681326452745889,0.0969830240479508,0.9,0.07760102049631161,0.09533946240984409,not_needed,none; clustered retrospective stress test
CHEMBL228_Ki,17,integrated_gradients,main_variable_plus_attachment_symmetry_closed,51,10,28,9,True,0.98,0.0032258064516129,0.093841642228739,0.89,0.07811622280312983,0.09584475697999272,not_needed,none; clustered retrospective stress test
CHEMBL228_Ki,17,integrated_gradients,variable_only_symmetry_closed,51,10,28,9,True,0.98,0.003448275862068961,0.09404388714733541,0.89,0.07969059298727281,0.09738885081444065,not_needed,none; clustered retrospective stress test
CHEMBL228_Ki,17,integrated_gradients,one_hop_expanded_symmetry_closed,51,10,28,9,True,0.98,0.002857142857142858,0.0935064935064935,0.87,0.07987318124598101,0.09756792776048137,not_needed,none; clustered retrospective stress test
CHEMBL228_Ki,29,atom_occlusion,main_variable_plus_attachment_symmetry_closed,51,10,28,9,True,0.97,0.007561027309474515,0.0977827520995223,0.9,0.07805774270284091,0.09578740149701705,not_needed,none; clustered retrospective stress test
CHEMBL228_Ki,29,atom_occlusion,variable_only_symmetry_closed,51,10,28,9,True,0.97,0.008674879840293375,0.09879534530935762,0.91,0.07555952389543721,0.0933372253589865,not_needed,none; clustered retrospective stress test
CHEMBL228_Ki,29,atom_occlusion,one_hop_expanded_symmetry_closed,51,10,28,9,True,0.97,0.00895956772966272,0.09905415248151157,0.91,0.07823825242235871,0.09596443987577488,not_needed,none; clustered retrospective stress test
CHEMBL228_Ki,29,integrated_gradients,main_variable_plus_attachment_symmetry_closed,51,10,28,9,True,0.98,0.004021678236511995,0.09456516203319273,0.92,0.07443109079689007,0.09223049289694987,not_needed,none; clustered retrospective stress test
CHEMBL228_Ki,29,integrated_gradients,variable_only_symmetry_closed,51,10,28,9,True,0.98,0.004717068645640073,0.09519733513240007,0.93,0.07112410130585639,0.08898709935766684,not_needed,none; clustered retrospective stress test
CHEMBL228_Ki,29,integrated_gradients,one_hop_expanded_symmetry_closed,51,10,28,9,True,0.98,0.0031660500457492934,0.09378731822340845,0.91,0.08234870452042689,0.09999584481811095,not_needed,none; clustered retrospective stress test
CHEMBL228_Ki,43,atom_occlusion,main_variable_plus_attachment_symmetry_closed,51,10,28,9,True,0.96,0.007136392405345642,0.09739672036849605,0.9,0.07330847326898177,0.0911294641676552,not_needed,none; clustered retrospective stress test
CHEMBL228_Ki,43,atom_occlusion,variable_only_symmetry_closed,51,10,28,9,True,0.96,0.007925557890313531,0.09811414353664866,0.91,0.08158716355310784,0.0992489488693942,not_needed,none; clustered retrospective stress test
CHEMBL228_Ki,43,atom_occlusion,one_hop_expanded_symmetry_closed,51,10,28,9,True,0.96,0.007988082465191957,0.09817098405926541,0.91,0.07838716044231525,0.09611048427996302,not_needed,none; clustered retrospective stress test
CHEMBL228_Ki,43,integrated_gradients,main_variable_plus_attachment_symmetry_closed,51,10,28,9,True,0.98,0.007721427833320411,0.09792857075756402,0.92,0.07530646174146516,0.09308902978489852,not_needed,none; clustered retrospective stress test
CHEMBL228_Ki,43,integrated_gradients,variable_only_symmetry_closed,51,10,28,9,True,0.98,0.00856225619618477,0.09869296017834978,0.91,0.07918406373488043,0.09689206250920965,not_needed,none; clustered retrospective stress test
CHEMBL228_Ki,43,integrated_gradients,one_hop_expanded_symmetry_closed,51,10,28,9,True,0.98,0.006631674487158785,0.09693788589741707,0.92,0.08134058611763895,0.09900711330768434,not_needed,none; clustered retrospective stress test
CHEMBL233_Ki,17,atom_occlusion,main_variable_plus_attachment_symmetry_closed,75,13,41,9,True,0.97,0.016841049451693704,0.08706668877657273,0.9400000000000001,0.0766188146639356,0.08876856710256803,not_needed,none; clustered retrospective stress test
CHEMBL233_Ki,17,atom_occlusion,variable_only_symmetry_closed,75,13,41,9,True,0.96,0.02966946700810382,0.09897879079323926,0.9400000000000001,0.08025758656108187,0.09235946042212025,not_needed,none; clustered retrospective stress test
CHEMBL233_Ki,17,atom_occlusion,one_hop_expanded_symmetry_closed,75,13,41,9,True,0.96,0.030452803474002484,0.09970617465443088,0.9400000000000001,0.08623141596097024,0.09825468680358901,not_needed,none; clustered retrospective stress test
CHEMBL233_Ki,17,integrated_gradients,main_variable_plus_attachment_symmetry_closed,75,13,41,9,True,0.9400000000000001,0.025077752623565302,0.09471505600759635,0.9,0.08286662029517954,0.09493416476497978,not_needed,none; clustered retrospective stress test
CHEMBL233_Ki,17,integrated_gradients,variable_only_symmetry_closed,75,13,41,9,True,0.9400000000000001,0.027764123178279535,0.09720954295125958,0.9,0.08459976609541828,0.09664450601521539,not_needed,none; clustered retrospective stress test
CHEMBL233_Ki,17,integrated_gradients,one_hop_expanded_symmetry_closed,75,13,41,9,True,0.9500000000000001,0.030316134038042803,0.09957926732103974,0.9,0.08470586919225936,0.09674921301867698,not_needed,none; clustered retrospective stress test
CHEMBL233_Ki,29,atom_occlusion,main_variable_plus_attachment_symmetry_closed,75,13,41,9,True,0.98,0.017552280261958143,0.08772711738610399,0.9500000000000001,0.08718179125348775,0.09919255715804712,not_needed,none; clustered retrospective stress test
CHEMBL233_Ki,29,atom_occlusion,variable_only_symmetry_closed,75,13,41,9,True,0.98,0.01720088395038577,0.08740082081107249,0.96,0.08206961476526693,0.09414764614993447,not_needed,none; clustered retrospective stress test
CHEMBL233_Ki,29,atom_occlusion,one_hop_expanded_symmetry_closed,75,13,41,9,True,0.98,0.017413432161487344,0.0875981870070954,0.9500000000000001,0.08145852155440432,0.09354459363921479,not_needed,none; clustered retrospective stress test
CHEMBL233_Ki,29,integrated_gradients,main_variable_plus_attachment_symmetry_closed,75,13,41,9,True,0.97,0.022601781552216524,0.0924159400127725,0.93,0.0859644408286499,0.09799122450195713,not_needed,none; clustered retrospective stress test
CHEMBL233_Ki,29,integrated_gradients,variable_only_symmetry_closed,75,13,41,9,True,0.97,0.021799728106319177,0.09167117609872495,0.93,0.08115233081464966,0.09324243172498324,not_needed,none; clustered retrospective stress test
CHEMBL233_Ki,29,integrated_gradients,one_hop_expanded_symmetry_closed,75,13,41,9,True,0.97,0.021066702591519583,0.09099050954926817,0.93,0.08142297286566898,0.09350951269638386,not_needed,none; clustered retrospective stress test
CHEMBL233_Ki,43,atom_occlusion,main_variable_plus_attachment_symmetry_closed,75,13,41,9,True,0.98,0.015146179013841663,0.08549288051285298,0.88,0.08647100004884935,0.09849111846925922,not_needed,none; clustered retrospective stress test
CHEMBL233_Ki,43,atom_occlusion,variable_only_symmetry_closed,75,13,41,9,True,0.98,0.013010858226618079,0.0835100826390025,0.88,0.08614401620923359,0.0981684370485858,not_needed,none; clustered retrospective stress test
CHEMBL233_Ki,43,atom_occlusion,one_hop_expanded_symmetry_closed,75,13,41,9,True,0.97,0.029200417305265167,0.09854324464060338,0.9,0.08695686390883543,0.09897058938371912,not_needed,none; clustered retrospective stress test
CHEMBL233_Ki,43,integrated_gradients,main_variable_plus_attachment_symmetry_closed,75,13,41,9,True,0.97,0.02765225092989088,0.09710566157775581,0.9400000000000001,0.08556081337504388,0.09759290793589857,not_needed,none; clustered retrospective stress test
CHEMBL233_Ki,43,integrated_gradients,variable_only_symmetry_closed,75,13,41,9,True,0.96,0.025439817951849925,0.0950512595267178,0.9400000000000001,0.06667579848713694,0.0789563800859904,not_needed,none; clustered retrospective stress test
CHEMBL233_Ki,43,integrated_gradients,one_hop_expanded_symmetry_closed,75,13,41,9,True,0.97,0.02353382282652265,0.09328140691034247,0.9400000000000001,0.08490814727433713,0.09694882954704324,not_needed,none; clustered retrospective stress test
CHEMBL234_Ki,17,atom_occlusion,main_variable_plus_attachment_symmetry_closed,64,7,57,9,False,,,,0.92,0.07476957466042944,0.08900388889642283,pair_crc_descriptive_finite_pool_only,none; clustered retrospective stress test
CHEMBL234_Ki,17,atom_occlusion,variable_only_symmetry_closed,64,7,57,9,False,,,,0.92,0.08298503102206725,0.09709295362172775,pair_crc_descriptive_finite_pool_only,none; clustered retrospective stress test
CHEMBL234_Ki,17,atom_occlusion,one_hop_expanded_symmetry_closed,64,7,57,9,False,,,,0.91,0.08233936822406154,0.09645722409753751,pair_crc_descriptive_finite_pool_only,none; clustered retrospective stress test
CHEMBL234_Ki,17,integrated_gradients,main_variable_plus_attachment_symmetry_closed,64,7,57,9,False,,,,0.93,0.07541270212268214,0.08963712209002547,pair_crc_descriptive_finite_pool_only,none; clustered retrospective stress test
CHEMBL234_Ki,17,integrated_gradients,variable_only_symmetry_closed,64,7,57,9,False,,,,0.93,0.08432062547035739,0.09840800046312112,pair_crc_descriptive_finite_pool_only,none; clustered retrospective stress test
CHEMBL234_Ki,17,integrated_gradients,one_hop_expanded_symmetry_closed,64,7,57,9,False,,,,0.91,0.08570610314167706,0.09977216309334357,pair_crc_descriptive_finite_pool_only,none; clustered retrospective stress test
CHEMBL234_Ki,29,atom_occlusion,main_variable_plus_attachment_symmetry_closed,64,7,57,9,False,,,,0.88,0.0841199747778987,0.09821043670439256,pair_crc_descriptive_finite_pool_only,none; clustered retrospective stress test
CHEMBL234_Ki,29,atom_occlusion,variable_only_symmetry_closed,64,7,57,9,False,,,,0.87,0.0831800282577846,0.09728495089997254,pair_crc_descriptive_finite_pool_only,none; clustered retrospective stress test
CHEMBL234_Ki,29,atom_occlusion,one_hop_expanded_symmetry_closed,64,7,57,9,False,,,,0.87,0.08255572158027466,0.0966702489405781,pair_crc_descriptive_finite_pool_only,none; clustered retrospective stress test
CHEMBL234_Ki,29,integrated_gradients,main_variable_plus_attachment_symmetry_closed,64,7,57,9,False,,,,0.93,0.0780663433646479,0.09224993808211487,pair_crc_descriptive_finite_pool_only,none; clustered retrospective stress test
CHEMBL234_Ki,29,integrated_gradients,variable_only_symmetry_closed,64,7,57,9,False,,,,0.93,0.07756428125444498,0.09175560000437658,pair_crc_descriptive_finite_pool_only,none; clustered retrospective stress test
CHEMBL234_Ki,29,integrated_gradients,one_hop_expanded_symmetry_closed,64,7,57,9,False,,,,0.92,0.07826073166845732,0.09244133579663487,pair_crc_descriptive_finite_pool_only,none; clustered retrospective stress test
CHEMBL234_Ki,43,atom_occlusion,main_variable_plus_attachment_symmetry_closed,64,7,57,9,False,,,,0.88,0.08298415029362939,0.09709208644295812,pair_crc_descriptive_finite_pool_only,none; clustered retrospective stress test
CHEMBL234_Ki,43,atom_occlusion,variable_only_symmetry_closed,64,7,57,9,False,,,,0.89,0.08316354348361958,0.09726871973771771,pair_crc_descriptive_finite_pool_only,none; clustered retrospective stress test
CHEMBL234_Ki,43,atom_occlusion,one_hop_expanded_symmetry_closed,64,7,57,9,False,,,,0.9,0.07737472973937545,0.09156896466646199,pair_crc_descriptive_finite_pool_only,none; clustered retrospective stress test
CHEMBL234_Ki,43,integrated_gradients,main_variable_plus_attachment_symmetry_closed,64,7,57,9,False,,,,0.91,0.08592747080691168,0.09999012510218996,pair_crc_descriptive_finite_pool_only,none; clustered retrospective stress test
CHEMBL234_Ki,43,integrated_gradients,variable_only_symmetry_closed,64,7,57,9,False,,,,0.92,0.07180684258236371,0.08608673731186581,pair_crc_descriptive_finite_pool_only,none; clustered retrospective stress test
CHEMBL234_Ki,43,integrated_gradients,one_hop_expanded_symmetry_closed,64,7,57,9,False,,,,0.91,0.0823429617425907,0.09646076233116621,pair_crc_descriptive_finite_pool_only,none; clustered retrospective stress test
CHEMBL235_EC50,17,atom_occlusion,main_variable_plus_attachment_symmetry_closed,30,9,7,9,True,0.99,0.0,0.1,0.9400000000000001,0.06435998388584595,0.09454191988952834,not_needed,none; clustered retrospective stress test
CHEMBL235_EC50,17,atom_occlusion,variable_only_symmetry_closed,30,9,7,9,True,0.99,0.0,0.1,0.93,0.06483146483146483,0.09499819177238532,not_needed,none; clustered retrospective stress test
CHEMBL235_EC50,17,atom_occlusion,one_hop_expanded_symmetry_closed,30,9,7,9,True,0.99,0.0,0.1,0.93,0.06395192899062868,0.09414702805544713,not_needed,none; clustered retrospective stress test
CHEMBL235_EC50,17,integrated_gradients,main_variable_plus_attachment_symmetry_closed,30,9,7,9,True,0.99,0.0,0.1,0.92,0.061449757139412316,0.09172557142523771,not_needed,none; clustered retrospective stress test
CHEMBL235_EC50,17,integrated_gradients,variable_only_symmetry_closed,30,9,7,9,True,0.99,0.0,0.1,0.9400000000000001,0.05472459639126306,0.08521735134638361,not_needed,none; clustered retrospective stress test
CHEMBL235_EC50,17,integrated_gradients,one_hop_expanded_symmetry_closed,30,9,7,9,True,0.99,0.0,0.1,0.91,0.06430001772107036,0.09448388811716485,not_needed,none; clustered retrospective stress test
CHEMBL235_EC50,29,atom_occlusion,main_variable_plus_attachment_symmetry_closed,30,9,7,9,True,0.99,0.0,0.1,0.9400000000000001,0.05653635326809769,0.08697066445299775,not_needed,none; clustered retrospective stress test
CHEMBL235_EC50,29,atom_occlusion,variable_only_symmetry_closed,30,9,7,9,True,0.99,0.0,0.1,0.9400000000000001,0.0662570145903479,0.09637775605517537,not_needed,none; clustered retrospective stress test
CHEMBL235_EC50,29,atom_occlusion,one_hop_expanded_symmetry_closed,30,9,7,9,True,0.99,0.0,0.1,0.93,0.06407720132178336,0.09426825934366133,not_needed,none; clustered retrospective stress test
CHEMBL235_EC50,29,integrated_gradients,main_variable_plus_attachment_symmetry_closed,30,9,7,9,True,0.99,0.0,0.1,0.9500000000000001,0.05873025141787818,0.08909379169472083,not_needed,none; clustered retrospective stress test
CHEMBL235_EC50,29,integrated_gradients,variable_only_symmetry_closed,30,9,7,9,True,0.99,0.0,0.1,0.9400000000000001,0.05753171211504544,0.08793391495004398,not_needed,none; clustered retrospective stress test
CHEMBL235_EC50,29,integrated_gradients,one_hop_expanded_symmetry_closed,30,9,7,9,True,0.99,0.0,0.1,0.9500000000000001,0.05289940165327162,0.0834510338580048,not_needed,none; clustered retrospective stress test
CHEMBL235_EC50,43,atom_occlusion,main_variable_plus_attachment_symmetry_closed,30,9,7,9,True,0.99,0.0,0.1,0.92,0.06668316442403664,0.09679015912003545,not_needed,none; clustered retrospective stress test
CHEMBL235_EC50,43,atom_occlusion,variable_only_symmetry_closed,30,9,7,9,True,0.99,0.0,0.1,0.92,0.06363272529939194,0.09383812125747608,not_needed,none; clustered retrospective stress test
CHEMBL235_EC50,43,atom_occlusion,one_hop_expanded_symmetry_closed,30,9,7,9,True,0.99,0.0,0.1,0.92,0.06486745681792122,0.09503302272702054,not_needed,none; clustered retrospective stress test
CHEMBL235_EC50,43,integrated_gradients,main_variable_plus_attachment_symmetry_closed,30,9,7,9,True,0.99,0.0,0.1,0.9400000000000001,0.05925016160310278,0.08959693058364784,not_needed,none; clustered retrospective stress test
CHEMBL235_EC50,43,integrated_gradients,variable_only_symmetry_closed,30,9,7,9,True,0.99,0.0,0.1,0.9400000000000001,0.06332223332223332,0.09353764515054838,not_needed,none; clustered retrospective stress test
CHEMBL235_EC50,43,integrated_gradients,one_hop_expanded_symmetry_closed,30,9,7,9,True,0.99,0.0,0.1,0.93,0.06393532851737187,0.09413096308132761,not_needed,none; clustered retrospective stress test
CHEMBL236_Ki,17,atom_occlusion,main_variable_plus_attachment_symmetry_closed,33,7,14,9,False,,,,0.89,0.067802651893561,0.09522022095551505,pair_crc_descriptive_finite_pool_only,none; clustered retrospective stress test
CHEMBL236_Ki,17,atom_occlusion,variable_only_symmetry_closed,33,7,14,9,False,,,,0.9,0.06774622683713595,0.09516545545957313,pair_crc_descriptive_finite_pool_only,none; clustered retrospective stress test
CHEMBL236_Ki,17,atom_occlusion,one_hop_expanded_symmetry_closed,33,7,14,9,False,,,,0.9,0.06618771092455303,0.0936527782503015,pair_crc_descriptive_finite_pool_only,none; clustered retrospective stress test
CHEMBL236_Ki,17,integrated_gradients,main_variable_plus_attachment_symmetry_closed,33,7,14,9,False,,,,0.93,0.07225119292567972,0.09953792254551269,pair_crc_descriptive_finite_pool_only,none; clustered retrospective stress test
CHEMBL236_Ki,17,integrated_gradients,variable_only_symmetry_closed,33,7,14,9,False,,,,0.9500000000000001,0.04178155236148966,0.06996444788026937,pair_crc_descriptive_finite_pool_only,none; clustered retrospective stress test
CHEMBL236_Ki,17,integrated_gradients,one_hop_expanded_symmetry_closed,33,7,14,9,False,,,,0.93,0.06373057028137241,0.09126790644956734,pair_crc_descriptive_finite_pool_only,none; clustered retrospective stress test
CHEMBL236_Ki,29,atom_occlusion,main_variable_plus_attachment_symmetry_closed,33,7,14,9,False,,,,0.9400000000000001,0.06030294892464981,0.08794109748568951,pair_crc_descriptive_finite_pool_only,none; clustered retrospective stress test
CHEMBL236_Ki,29,atom_occlusion,variable_only_symmetry_closed,33,7,14,9,False,,,,0.9500000000000001,0.0672597806133311,0.09469331647764491,pair_crc_descriptive_finite_pool_only,none; clustered retrospective stress test
CHEMBL236_Ki,29,atom_occlusion,one_hop_expanded_symmetry_closed,33,7,14,9,False,,,,0.93,0.0617981874619458,0.0893923584189474,pair_crc_descriptive_finite_pool_only,none; clustered retrospective stress test
CHEMBL236_Ki,29,integrated_gradients,main_variable_plus_attachment_symmetry_closed,33,7,14,9,False,,,,0.91,0.05570456750808657,0.08347796258137813,pair_crc_descriptive_finite_pool_only,none; clustered retrospective stress test
CHEMBL236_Ki,29,integrated_gradients,variable_only_symmetry_closed,33,7,14,9,False,,,,0.91,0.06333165267334548,0.09088072171236472,pair_crc_descriptive_finite_pool_only,none; clustered retrospective stress test
CHEMBL236_Ki,29,integrated_gradients,one_hop_expanded_symmetry_closed,33,7,14,9,False,,,,0.89,0.06426201169024134,0.09178371722876366,pair_crc_descriptive_finite_pool_only,none; clustered retrospective stress test
CHEMBL236_Ki,43,atom_occlusion,main_variable_plus_attachment_symmetry_closed,33,7,14,9,False,,,,0.93,0.06569739319006179,0.09317688162564824,pair_crc_descriptive_finite_pool_only,none; clustered retrospective stress test
CHEMBL236_Ki,43,atom_occlusion,variable_only_symmetry_closed,33,7,14,9,False,,,,0.91,0.07066352897073899,0.09799695458924666,pair_crc_descriptive_finite_pool_only,none; clustered retrospective stress test
CHEMBL236_Ki,43,atom_occlusion,one_hop_expanded_symmetry_closed,33,7,14,9,False,,,,0.93,0.0615870209629005,0.0891874026992858,pair_crc_descriptive_finite_pool_only,none; clustered retrospective stress test
CHEMBL236_Ki,43,integrated_gradients,main_variable_plus_attachment_symmetry_closed,33,7,14,9,False,,,,0.96,0.057016159956042645,0.08475097878086492,pair_crc_descriptive_finite_pool_only,none; clustered retrospective stress test
CHEMBL236_Ki,43,integrated_gradients,variable_only_symmetry_closed,33,7,14,9,False,,,,0.96,0.06546719828715195,0.09295345716105925,pair_crc_descriptive_finite_pool_only,none; clustered retrospective stress test
CHEMBL236_Ki,43,integrated_gradients,one_hop_expanded_symmetry_closed,33,7,14,9,False,,,,0.96,0.04901457804755487,0.07698473751674442,pair_crc_descriptive_finite_pool_only,none; clustered retrospective stress test
CHEMBL237_Ki,17,atom_occlusion,main_variable_plus_attachment_symmetry_closed,37,12,17,9,True,0.98,0.021865011705165166,0.09710616465092169,0.91,0.0755950039645692,0.09992145122865947,not_needed,none; clustered retrospective stress test
CHEMBL237_Ki,17,atom_occlusion,variable_only_symmetry_closed,37,12,17,9,True,0.99,0.005208333333333333,0.08173076923076923,0.93,0.0654249882510752,0.09001906750762585,not_needed,none; clustered retrospective stress test
CHEMBL237_Ki,17,atom_occlusion,one_hop_expanded_symmetry_closed,37,12,17,9,True,0.99,0.00416666666666667,0.08076923076923077,0.93,0.0689442126308252,0.09344568071948771,not_needed,none; clustered retrospective stress test
CHEMBL237_Ki,17,integrated_gradients,main_variable_plus_attachment_symmetry_closed,37,12,17,9,True,0.98,0.01709845535807906,0.09270626648438067,0.9400000000000001,0.0604498360252836,0.08517484034040772,not_needed,none; clustered retrospective stress test
CHEMBL237_Ki,17,integrated_gradients,variable_only_symmetry_closed,37,12,17,9,True,0.98,0.01906774461921521,0.09452407195619866,0.9400000000000001,0.06771276771276773,0.09224664224664225,not_needed,none; clustered retrospective stress test
CHEMBL237_Ki,17,integrated_gradients,one_hop_expanded_symmetry_closed,37,12,17,9,True,0.98,0.01559424617567566,0.09131776570062368,0.9500000000000001,0.06532083567420388,0.08991765578804062,not_needed,none; clustered retrospective stress test
CHEMBL237_Ki,29,atom_occlusion,main_variable_plus_attachment_symmetry_closed,37,12,17,9,True,0.97,0.02318606672466966,0.09832560005354123,0.9400000000000001,0.06859201206387906,0.09310274858851383,not_needed,none; clustered retrospective stress test
CHEMBL237_Ki,29,atom_occlusion,variable_only_symmetry_closed,37,12,17,9,True,0.98,0.018513782324524015,0.09401272214571448,0.9500000000000001,0.05848503239807588,0.08326174207181072,not_needed,none; clustered retrospective stress test
CHEMBL237_Ki,29,atom_occlusion,one_hop_expanded_symmetry_closed,37,12,17,9,True,0.98,0.014711122171573388,0.09050257431222158,0.9400000000000001,0.07074188973809985,0.09519605053446564,not_needed,none; clustered retrospective stress test
CHEMBL237_Ki,29,integrated_gradients,main_variable_plus_attachment_symmetry_closed,37,12,17,9,True,0.98,0.013127497842571367,0.08904076723929664,0.9400000000000001,0.07308279199583548,0.0974753501012082,not_needed,none; clustered retrospective stress test
CHEMBL237_Ki,29,integrated_gradients,variable_only_symmetry_closed,37,12,17,9,True,0.98,0.014891628334722963,0.09066919538589811,0.96,0.06416748808053156,0.08879465944683336,not_needed,none; clustered retrospective stress test
CHEMBL237_Ki,29,integrated_gradients,one_hop_expanded_symmetry_closed,37,12,17,9,True,0.98,0.016782390312224005,0.09241451413436062,0.9400000000000001,0.07210717361112365,0.09652540588451512,not_needed,none; clustered retrospective stress test
CHEMBL237_Ki,43,atom_occlusion,main_variable_plus_attachment_symmetry_closed,37,12,17,9,True,0.99,0.0,0.07692307692307693,0.9400000000000001,0.06307565703345754,0.08773156079573496,not_needed,none; clustered retrospective stress test
CHEMBL237_Ki,43,atom_occlusion,variable_only_symmetry_closed,37,12,17,9,True,0.99,0.0,0.07692307692307693,0.96,0.053759116259116266,0.07866019214703425,not_needed,none; clustered retrospective stress test
CHEMBL237_Ki,43,atom_occlusion,one_hop_expanded_symmetry_closed,37,12,17,9,True,0.99,0.0,0.07692307692307693,0.9400000000000001,0.05748396854941106,0.08228702200863709,not_needed,none; clustered retrospective stress test
CHEMBL237_Ki,43,integrated_gradients,main_variable_plus_attachment_symmetry_closed,37,12,17,9,True,0.99,0.004629629629629632,0.0811965811965812,0.97,0.06555864663281541,0.0901492085635308,not_needed,none; clustered retrospective stress test
CHEMBL237_Ki,43,integrated_gradients,variable_only_symmetry_closed,37,12,17,9,True,0.99,0.005208333333333333,0.08173076923076923,0.98,0.04315140565140565,0.06833163181847392,not_needed,none; clustered retrospective stress test
CHEMBL237_Ki,43,integrated_gradients,one_hop_expanded_symmetry_closed,37,12,17,9,True,0.99,0.00416666666666667,0.08076923076923077,0.96,0.06650236967307532,0.09106809678694176,not_needed,none; clustered retrospective stress test
CHEMBL244_Ki,17,atom_occlusion,main_variable_plus_attachment_symmetry_closed,81,5,65,9,False,,,,0.93,0.08644743689222735,0.09758832180817582,pair_crc_descriptive_finite_pool_only,none; clustered retrospective stress test
CHEMBL244_Ki,17,atom_occlusion,variable_only_symmetry_closed,81,5,65,9,False,,,,0.91,0.08397548645272644,0.095146517105742,pair_crc_descriptive_finite_pool_only,none; clustered retrospective stress test
CHEMBL244_Ki,17,atom_occlusion,one_hop_expanded_symmetry_closed,81,5,65,9,False,,,,0.93,0.08796601427950267,0.09908837995902088,pair_crc_descriptive_finite_pool_only,none; clustered retrospective stress test
CHEMBL244_Ki,17,integrated_gradients,main_variable_plus_attachment_symmetry_closed,81,5,65,9,False,,,,0.9400000000000001,0.08611075025691137,0.09725574110743682,pair_crc_descriptive_finite_pool_only,none; clustered retrospective stress test
CHEMBL244_Ki,17,integrated_gradients,variable_only_symmetry_closed,81,5,65,9,False,,,,0.93,0.08664146570050822,0.09777998441147764,pair_crc_descriptive_finite_pool_only,none; clustered retrospective stress test
CHEMBL244_Ki,17,integrated_gradients,one_hop_expanded_symmetry_closed,81,5,65,9,False,,,,0.9400000000000001,0.07653720434105277,0.0877989457515277,pair_crc_descriptive_finite_pool_only,none; clustered retrospective stress test
CHEMBL244_Ki,29,atom_occlusion,main_variable_plus_attachment_symmetry_closed,81,5,65,9,False,,,,0.9,0.08273206004361958,0.09391825443333153,pair_crc_descriptive_finite_pool_only,none; clustered retrospective stress test
CHEMBL244_Ki,29,atom_occlusion,variable_only_symmetry_closed,81,5,65,9,False,,,,0.9,0.0861899481494015,0.09733397317196976,pair_crc_descriptive_finite_pool_only,none; clustered retrospective stress test
CHEMBL244_Ki,29,atom_occlusion,one_hop_expanded_symmetry_closed,81,5,65,9,False,,,,0.89,0.08173457254794793,0.0929329314193144,pair_crc_descriptive_finite_pool_only,none; clustered retrospective stress test
CHEMBL244_Ki,29,integrated_gradients,main_variable_plus_attachment_symmetry_closed,81,5,65,9,False,,,,0.93,0.08178652998496803,0.09298425522905378,pair_crc_descriptive_finite_pool_only,none; clustered retrospective stress test
CHEMBL244_Ki,29,integrated_gradients,variable_only_symmetry_closed,81,5,65,9,False,,,,0.9,0.08144389584775942,0.09264579955693306,pair_crc_descriptive_finite_pool_only,none; clustered retrospective stress test
CHEMBL244_Ki,29,integrated_gradients,one_hop_expanded_symmetry_closed,81,5,65,9,False,,,,0.91,0.08690536400229312,0.09804066444128956,pair_crc_descriptive_finite_pool_only,none; clustered retrospective stress test
CHEMBL244_Ki,43,atom_occlusion,main_variable_plus_attachment_symmetry_closed,81,5,65,9,False,,,,0.89,0.08768670813406947,0.09881247998609298,pair_crc_descriptive_finite_pool_only,none; clustered retrospective stress test
CHEMBL244_Ki,43,atom_occlusion,variable_only_symmetry_closed,81,5,65,9,False,,,,0.91,0.07257487536475235,0.08388493786030413,pair_crc_descriptive_finite_pool_only,none; clustered retrospective stress test
CHEMBL244_Ki,43,atom_occlusion,one_hop_expanded_symmetry_closed,81,5,65,9,False,,,,0.89,0.08342071266074985,0.0945985088478139,pair_crc_descriptive_finite_pool_only,none; clustered retrospective stress test
CHEMBL244_Ki,43,integrated_gradients,main_variable_plus_attachment_symmetry_closed,81,5,65,9,False,,,,0.89,0.08656636614070935,0.097705800699969,pair_crc_descriptive_finite_pool_only,none; clustered retrospective stress test
CHEMBL244_Ki,43,integrated_gradients,variable_only_symmetry_closed,81,5,65,9,False,,,,0.9,0.0818735791097822,0.09307024277917508,pair_crc_descriptive_finite_pool_only,none; clustered retrospective stress test
CHEMBL244_Ki,43,integrated_gradients,one_hop_expanded_symmetry_closed,81,5,65,9,False,,,,0.93,0.0818244144593482,0.09302167769764884,pair_crc_descriptive_finite_pool_only,none; clustered retrospective stress test
CHEMBL264_Ki,17,atom_occlusion,main_variable_plus_attachment_symmetry_closed,47,14,12,9,True,0.9500000000000001,0.03421406443069055,0.0985997934686445,0.91,0.07788591337499726,0.09709662351301813,not_needed,none; clustered retrospective stress test
CHEMBL264_Ki,17,atom_occlusion,variable_only_symmetry_closed,47,14,12,9,True,0.96,0.02980807766308122,0.09448753915220914,0.93,0.06852719085964018,0.08793287438339766,not_needed,none; clustered retrospective stress test
CHEMBL264_Ki,17,atom_occlusion,one_hop_expanded_symmetry_closed,47,14,12,9,True,0.9500000000000001,0.028256300032486952,0.09303921336365448,0.9,0.07633839506388769,0.09558134516672334,not_needed,none; clustered retrospective stress test
CHEMBL264_Ki,17,integrated_gradients,main_variable_plus_attachment_symmetry_closed,47,14,12,9,True,0.96,0.026993272380177142,0.091860387554832,0.88,0.0791389013755788,0.09832350759692092,not_needed,none; clustered retrospective stress test
CHEMBL264_Ki,17,integrated_gradients,variable_only_symmetry_closed,47,14,12,9,True,0.96,0.028948535936113573,0.09368530020703933,0.89,0.07808964967741813,0.09729611530913858,not_needed,none; clustered retrospective stress test
CHEMBL264_Ki,17,integrated_gradients,one_hop_expanded_symmetry_closed,47,14,12,9,True,0.9500000000000001,0.0333853167872468,0.09782629566809702,0.9,0.07591945797193993,0.09517113593085784,not_needed,none; clustered retrospective stress test
CHEMBL264_Ki,29,atom_occlusion,main_variable_plus_attachment_symmetry_closed,47,14,12,9,True,0.9400000000000001,0.03238861172912253,0.0968960376138477,0.85,0.08021163721593033,0.09937389477393181,not_needed,none; clustered retrospective stress test
CHEMBL264_Ki,29,atom_occlusion,variable_only_symmetry_closed,47,14,12,9,True,0.9400000000000001,0.03172422944550273,0.09627594748246923,0.86,0.0740640997997734,0.09335443105394477,not_needed,none; clustered retrospective stress test
CHEMBL264_Ki,29,atom_occlusion,one_hop_expanded_symmetry_closed,47,14,12,9,True,0.9500000000000001,0.020018773883577957,0.08535085562467276,0.87,0.07911860474028587,0.09830363380819658,not_needed,none; clustered retrospective stress test
CHEMBL264_Ki,29,integrated_gradients,main_variable_plus_attachment_symmetry_closed,47,14,12,9,True,0.9400000000000001,0.031856428150872695,0.09639933294081453,0.85,0.07717938097457833,0.09640481053760797,not_needed,none; clustered retrospective stress test
CHEMBL264_Ki,29,integrated_gradients,variable_only_symmetry_closed,47,14,12,9,True,0.93,0.029374460740006957,0.09408283002400648,0.84,0.07849114529957002,0.09768924643916228,not_needed,none; clustered retrospective stress test
CHEMBL264_Ki,29,integrated_gradients,one_hop_expanded_symmetry_closed,47,14,12,9,True,0.9500000000000001,0.033540710970378494,0.09797133023901992,0.86,0.07862643071100951,0.09782171340453012,not_needed,none; clustered retrospective stress test
CHEMBL264_Ki,43,atom_occlusion,main_variable_plus_attachment_symmetry_closed,47,14,12,9,True,0.93,0.030416945412065882,0.09505581571792816,0.8200000000000001,0.07953919085389398,0.09871545771110453,not_needed,none; clustered retrospective stress test
CHEMBL264_Ki,43,atom_occlusion,variable_only_symmetry_closed,47,14,12,9,True,0.91,0.035383841965253134,0.09969158583423626,0.8300000000000001,0.07832988718478447,0.09753134786843477,not_needed,none; clustered retrospective stress test
CHEMBL264_Ki,43,atom_occlusion,one_hop_expanded_symmetry_closed,47,14,12,9,True,0.9400000000000001,0.02586202095845435,0.0908045528945574,0.86,0.07273971249172925,0.09205763514815157,not_needed,none; clustered retrospective stress test
CHEMBL264_Ki,43,integrated_gradients,main_variable_plus_attachment_symmetry_closed,47,14,12,9,True,0.91,0.026908203715508953,0.09178099013447502,0.85,0.0766966793267359,0.09593216517409558,not_needed,none; clustered retrospective stress test
CHEMBL264_Ki,43,integrated_gradients,variable_only_symmetry_closed,47,14,12,9,True,0.91,0.025927979932965226,0.09086611460410086,0.85,0.07690528108740377,0.09613642106474951,not_needed,none; clustered retrospective stress test
CHEMBL264_Ki,43,integrated_gradients,one_hop_expanded_symmetry_closed,47,14,12,9,True,0.91,0.034659272991206254,0.09901532145845918,0.86,0.07196470817217669,0.09129877675192301,not_needed,none; clustered retrospective stress test
CHEMBL4792_Ki,17,atom_occlusion,main_variable_plus_attachment_symmetry_closed,35,3,29,9,False,,,,0.72,0.07387492852903502,0.09960062495878404,pair_crc_descriptive_finite_pool_only,none; clustered retrospective stress test
CHEMBL4792_Ki,17,atom_occlusion,variable_only_symmetry_closed,35,3,29,9,False,,,,0.64,0.07275858720374422,0.09851529311475132,pair_crc_descriptive_finite_pool_only,none; clustered retrospective stress test
CHEMBL4792_Ki,17,atom_occlusion,one_hop_expanded_symmetry_closed,35,3,29,9,False,,,,0.77,0.07285499994070684,0.09860902772013166,pair_crc_descriptive_finite_pool_only,none; clustered retrospective stress test
CHEMBL4792_Ki,17,integrated_gradients,main_variable_plus_attachment_symmetry_closed,35,3,29,9,False,,,,0.76,0.0676082604928056,0.09350803103467213,pair_crc_descriptive_finite_pool_only,none; clustered retrospective stress test
CHEMBL4792_Ki,17,integrated_gradients,variable_only_symmetry_closed,35,3,29,9,False,,,,0.65,0.05895391863038921,0.08509408755732285,pair_crc_descriptive_finite_pool_only,none; clustered retrospective stress test
CHEMBL4792_Ki,17,integrated_gradients,one_hop_expanded_symmetry_closed,35,3,29,9,False,,,,0.81,0.06655485007967109,0.09248388202190244,pair_crc_descriptive_finite_pool_only,none; clustered retrospective stress test
CHEMBL4792_Ki,29,atom_occlusion,main_variable_plus_attachment_symmetry_closed,35,3,29,9,False,,,,0.9400000000000001,0.06639426555392942,0.09232775817743138,pair_crc_descriptive_finite_pool_only,none; clustered retrospective stress test
CHEMBL4792_Ki,29,atom_occlusion,variable_only_symmetry_closed,35,3,29,9,False,,,,0.9400000000000001,0.0733645652593021,0.09910443844654374,pair_crc_descriptive_finite_pool_only,none; clustered retrospective stress test
CHEMBL4792_Ki,29,atom_occlusion,one_hop_expanded_symmetry_closed,35,3,29,9,False,,,,0.9400000000000001,0.0602909141352426,0.08639394429815253,pair_crc_descriptive_finite_pool_only,none; clustered retrospective stress test
CHEMBL4792_Ki,29,integrated_gradients,main_variable_plus_attachment_symmetry_closed,35,3,29,9,False,,,,0.91,0.06248414111768149,0.088526248308857,pair_crc_descriptive_finite_pool_only,none; clustered retrospective stress test
CHEMBL4792_Ki,29,integrated_gradients,variable_only_symmetry_closed,35,3,29,9,False,,,,0.91,0.06843173868737779,0.09430863483495065,pair_crc_descriptive_finite_pool_only,none; clustered retrospective stress test
CHEMBL4792_Ki,29,integrated_gradients,one_hop_expanded_symmetry_closed,35,3,29,9,False,,,,0.9400000000000001,0.04797506323347838,0.07442020036588176,pair_crc_descriptive_finite_pool_only,none; clustered retrospective stress test
CHEMBL4792_Ki,43,atom_occlusion,main_variable_plus_attachment_symmetry_closed,35,3,29,9,False,,,,0.9400000000000001,0.06349674020481474,0.0895107196435699,pair_crc_descriptive_finite_pool_only,none; clustered retrospective stress test
CHEMBL4792_Ki,43,atom_occlusion,variable_only_symmetry_closed,35,3,29,9,False,,,,0.9,0.0721591065576028,0.09793246470878052,pair_crc_descriptive_finite_pool_only,none; clustered retrospective stress test
CHEMBL4792_Ki,43,atom_occlusion,one_hop_expanded_symmetry_closed,35,3,29,9,False,,,,0.88,0.06663428615953161,0.09256111154398906,pair_crc_descriptive_finite_pool_only,none; clustered retrospective stress test
CHEMBL4792_Ki,43,integrated_gradients,main_variable_plus_attachment_symmetry_closed,35,3,29,9,False,,,,0.9400000000000001,0.07153129823937278,0.09732209551050133,pair_crc_descriptive_finite_pool_only,none; clustered retrospective stress test
CHEMBL4792_Ki,43,integrated_gradients,variable_only_symmetry_closed,35,3,29,9,False,,,,0.9400000000000001,0.06901624941474566,0.09487690915322496,pair_crc_descriptive_finite_pool_only,none; clustered retrospective stress test
CHEMBL4792_Ki,43,integrated_gradients,one_hop_expanded_symmetry_closed,35,3,29,9,False,,,,0.9400000000000001,0.061347114549779355,0.08742080581228548,pair_crc_descriptive_finite_pool_only,none; clustered retrospective stress test
