method,proxy,policy,aggregation,metric,target_macro_mean,bootstrap_ci_low,bootstrap_ci_high,n_targets
atom_occlusion,main_variable_plus_attachment_symmetry_closed,component_crc_cluster_stress_test,component_weighted,risk,0.018419767146747167,0.010629765212567342,0.026320744254210233,7
atom_occlusion,main_variable_plus_attachment_symmetry_closed,component_crc_cluster_stress_test,component_weighted,retained_fraction,0.9767769736344405,0.9663056093559368,0.9873023303328126,7
atom_occlusion,main_variable_plus_attachment_symmetry_closed,component_crc_cluster_stress_test,component_weighted,precision,0.23777642887734987,0.21301477493580273,0.2652930845073519,7
atom_occlusion,main_variable_plus_attachment_symmetry_closed,component_crc_cluster_stress_test,component_weighted,iou,0.23671396469494546,0.21250644696507653,0.26400429741483217,7
atom_occlusion,main_variable_plus_attachment_symmetry_closed,component_crc_cluster_stress_test,pair_weighted,risk,0.0215085331665505,0.012426501768954577,0.02972598712165367,7
atom_occlusion,main_variable_plus_attachment_symmetry_closed,component_crc_cluster_stress_test,pair_weighted,retained_fraction,0.9769839937815636,0.9659808396786138,0.9876603462311971,7
atom_occlusion,main_variable_plus_attachment_symmetry_closed,component_crc_cluster_stress_test,pair_weighted,precision,0.23434507852414188,0.21322941416533142,0.2559266544928461,7
atom_occlusion,main_variable_plus_attachment_symmetry_closed,component_crc_cluster_stress_test,pair_weighted,iou,0.23319564090221018,0.21202593096634043,0.2547733978035839,7
atom_occlusion,main_variable_plus_attachment_symmetry_closed,fixed_20_percent,component_weighted,risk,0.7667289950787128,0.7482007033578881,0.7855932422570565,11
atom_occlusion,main_variable_plus_attachment_symmetry_closed,fixed_20_percent,component_weighted,retained_fraction,0.20858560651123711,0.207774506444983,0.20944685342921338,11
atom_occlusion,main_variable_plus_attachment_symmetry_closed,fixed_20_percent,component_weighted,precision,0.2514479719503833,0.22470543077184296,0.27955482409834775,11
atom_occlusion,main_variable_plus_attachment_symmetry_closed,fixed_20_percent,component_weighted,iou,0.13512908840305146,0.1250616165233553,0.14636276259572345,11
atom_occlusion,main_variable_plus_attachment_symmetry_closed,fixed_20_percent,pair_weighted,risk,0.76998304307273,0.7610216906147986,0.7807701225472549,11
atom_occlusion,main_variable_plus_attachment_symmetry_closed,fixed_20_percent,pair_weighted,retained_fraction,0.20903721471586334,0.20824773723186424,0.20978994932123818,11
atom_occlusion,main_variable_plus_attachment_symmetry_closed,fixed_20_percent,pair_weighted,precision,0.24783266942502394,0.22548906763788354,0.27067075321497797,11
atom_occlusion,main_variable_plus_attachment_symmetry_closed,fixed_20_percent,pair_weighted,iou,0.13558330327457832,0.126332768514431,0.1459172049749028,11
atom_occlusion,main_variable_plus_attachment_symmetry_closed,fixed_50_percent,component_weighted,risk,0.47471279386634246,0.43394573957427024,0.5118652738062025,11
atom_occlusion,main_variable_plus_attachment_symmetry_closed,fixed_50_percent,component_weighted,retained_fraction,0.5061701344665391,0.5054111214525455,0.5070101122676469,11
atom_occlusion,main_variable_plus_attachment_symmetry_closed,fixed_50_percent,component_weighted,precision,0.24523610906495608,0.21952119623425376,0.27431209291276315,11
atom_occlusion,main_variable_plus_attachment_symmetry_closed,fixed_50_percent,component_weighted,iou,0.20045853143176376,0.17974986995870504,0.22586075433239358,11
atom_occlusion,main_variable_plus_attachment_symmetry_closed,fixed_50_percent,pair_weighted,risk,0.4727818579817749,0.4467273020736693,0.49787782558662586,11
atom_occlusion,main_variable_plus_attachment_symmetry_closed,fixed_50_percent,pair_weighted,retained_fraction,0.5067254641952912,0.5058406234690972,0.507705426780773,11
atom_occlusion,main_variable_plus_attachment_symmetry_closed,fixed_50_percent,pair_weighted,precision,0.24570434458384008,0.22610744526795967,0.2669512999521947,11
atom_occlusion,main_variable_plus_attachment_symmetry_closed,fixed_50_percent,pair_weighted,iou,0.2020461944492644,0.18562375567430847,0.22150400981499005,11
atom_occlusion,main_variable_plus_attachment_symmetry_closed,oracle_proxy,component_weighted,risk,0.0,0.0,0.0,11
atom_occlusion,main_variable_plus_attachment_symmetry_closed,oracle_proxy,component_weighted,retained_fraction,0.24444974013975115,0.2214149674985865,0.2686416494667322,11
atom_occlusion,main_variable_plus_attachment_symmetry_closed,oracle_proxy,component_weighted,precision,1.0,1.0,1.0,11
atom_occlusion,main_variable_plus_attachment_symmetry_closed,oracle_proxy,component_weighted,iou,1.0,1.0,1.0,11
atom_occlusion,main_variable_plus_attachment_symmetry_closed,oracle_proxy,pair_weighted,risk,0.0,0.0,0.0,11
atom_occlusion,main_variable_plus_attachment_symmetry_closed,oracle_proxy,pair_weighted,retained_fraction,0.24379505476550012,0.2255884216496498,0.26094205266390436,11
atom_occlusion,main_variable_plus_attachment_symmetry_closed,oracle_proxy,pair_weighted,precision,1.0,1.0,1.0,11
atom_occlusion,main_variable_plus_attachment_symmetry_closed,oracle_proxy,pair_weighted,iou,1.0,1.0,1.0,11
atom_occlusion,main_variable_plus_attachment_symmetry_closed,pair_crc_descriptive,component_weighted,risk,0.07804846548980472,0.06424667264625608,0.09620363159369315,11
atom_occlusion,main_variable_plus_attachment_symmetry_closed,pair_crc_descriptive,component_weighted,retained_fraction,0.9153910593114059,0.9025019118398302,0.9271308880291543,11
atom_occlusion,main_variable_plus_attachment_symmetry_closed,pair_crc_descriptive,component_weighted,precision,0.24776727813720234,0.22137181155409114,0.2741155080214632,11
atom_occlusion,main_variable_plus_attachment_symmetry_closed,pair_crc_descriptive,component_weighted,iou,0.24237283818214692,0.21708895280018328,0.2680951943055174,11
atom_occlusion,main_variable_plus_attachment_symmetry_closed,pair_crc_descriptive,pair_weighted,risk,0.07683342526083266,0.06803624881251963,0.0889907058187854,11
atom_occlusion,main_variable_plus_attachment_symmetry_closed,pair_crc_descriptive,pair_weighted,retained_fraction,0.9154022402574228,0.9012784754266732,0.9278079420034465,11
atom_occlusion,main_variable_plus_attachment_symmetry_closed,pair_crc_descriptive,pair_weighted,precision,0.24725937994141753,0.227264586612118,0.2678368447450751,11
atom_occlusion,main_variable_plus_attachment_symmetry_closed,pair_crc_descriptive,pair_weighted,iou,0.24209528126635912,0.22263630490434974,0.26207604849298316,11
atom_occlusion,main_variable_plus_attachment_symmetry_closed,random_same_nominal_size,component_weighted,risk,0.08701447750316399,0.07493482385575603,0.1001799528315465,11
atom_occlusion,main_variable_plus_attachment_symmetry_closed,random_same_nominal_size,component_weighted,retained_fraction,0.912985522496836,0.8998200471684534,0.9250651761442441,11
atom_occlusion,main_variable_plus_attachment_symmetry_closed,random_same_nominal_size,component_weighted,precision,0.24444974013975115,0.22082376897828132,0.2671121881803444,11
atom_occlusion,main_variable_plus_attachment_symmetry_closed,random_same_nominal_size,component_weighted,iou,0.2373591681843199,0.21545207842688993,0.2580480960938121,11
atom_occlusion,main_variable_plus_attachment_symmetry_closed,random_same_nominal_size,pair_weighted,risk,0.08711877453764688,0.07529258195300476,0.1010086991968995,11
atom_occlusion,main_variable_plus_attachment_symmetry_closed,random_same_nominal_size,pair_weighted,retained_fraction,0.912881225462353,0.8989913008031003,0.9247074180469953,11
atom_occlusion,main_variable_plus_attachment_symmetry_closed,random_same_nominal_size,pair_weighted,precision,0.24379505476550012,0.2264343429247865,0.26086150462677915,11
atom_occlusion,main_variable_plus_attachment_symmetry_closed,random_same_nominal_size,pair_weighted,iou,0.23695349132771862,0.22092197438661823,0.25267209816350894,11
atom_occlusion,one_hop_expanded_symmetry_closed,component_crc_cluster_stress_test,component_weighted,risk,0.01732152929541378,0.009362191049480703,0.024716637660021003,7
atom_occlusion,one_hop_expanded_symmetry_closed,component_crc_cluster_stress_test,component_weighted,retained_fraction,0.9774631932379555,0.9675300450902998,0.988258192904774,7
atom_occlusion,one_hop_expanded_symmetry_closed,component_crc_cluster_stress_test,component_weighted,precision,0.29066557535238946,0.26316353185543145,0.31964290060687983,7
atom_occlusion,one_hop_expanded_symmetry_closed,component_crc_cluster_stress_test,component_weighted,iou,0.28898598915266244,0.2623021378826959,0.31744965043264534,7
atom_occlusion,one_hop_expanded_symmetry_closed,component_crc_cluster_stress_test,pair_weighted,risk,0.01904127665261523,0.010464528382488403,0.026649143573404175,7
atom_occlusion,one_hop_expanded_symmetry_closed,component_crc_cluster_stress_test,pair_weighted,retained_fraction,0.9776930252205809,0.9680604765284934,0.9880790027395255,7
atom_occlusion,one_hop_expanded_symmetry_closed,component_crc_cluster_stress_test,pair_weighted,precision,0.287977249859673,0.26400006099604856,0.3113269475068191,7
atom_occlusion,one_hop_expanded_symmetry_closed,component_crc_cluster_stress_test,pair_weighted,iou,0.28623948155892426,0.2626955753108931,0.3089471679838946,7
atom_occlusion,one_hop_expanded_symmetry_closed,fixed_20_percent,component_weighted,risk,0.7881552435945185,0.7710298265896752,0.8017060199397629,11
atom_occlusion,one_hop_expanded_symmetry_closed,fixed_20_percent,component_weighted,retained_fraction,0.20858560651123711,0.2077780142334343,0.20943698542048875,11
atom_occlusion,one_hop_expanded_symmetry_closed,fixed_20_percent,component_weighted,precision,0.30374767402138136,0.27240236134290097,0.3402285613721385,11
atom_occlusion,one_hop_expanded_symmetry_closed,fixed_20_percent,component_weighted,iou,0.14602699534266897,0.13456163867129964,0.16115275288146733,11
atom_occlusion,one_hop_expanded_symmetry_closed,fixed_20_percent,pair_weighted,risk,0.7823912529930183,0.7697279941661603,0.7925709421743145,11
atom_occlusion,one_hop_expanded_symmetry_closed,fixed_20_percent,pair_weighted,retained_fraction,0.20903721471586334,0.20824579854667574,0.20977220276438976,11
atom_occlusion,one_hop_expanded_symmetry_closed,fixed_20_percent,pair_weighted,precision,0.30867180009035233,0.2787433294628382,0.34036645556421,11
atom_occlusion,one_hop_expanded_symmetry_closed,fixed_20_percent,pair_weighted,iou,0.15083103709010348,0.13863411632163006,0.1662948507288216,11
atom_occlusion,one_hop_expanded_symmetry_closed,fixed_50_percent,component_weighted,risk,0.49444595853283174,0.46152994440639594,0.5232896378332191,11
atom_occlusion,one_hop_expanded_symmetry_closed,fixed_50_percent,component_weighted,retained_fraction,0.5061701344665391,0.5053951724149084,0.5069878477343406,11
atom_occlusion,one_hop_expanded_symmetry_closed,fixed_50_percent,component_weighted,precision,0.29940197577538535,0.2699604811837244,0.3320885890226902,11
atom_occlusion,one_hop_expanded_symmetry_closed,fixed_50_percent,component_weighted,iou,0.2350921301616503,0.21271640558679444,0.26212839290909995,11
atom_occlusion,one_hop_expanded_symmetry_closed,fixed_50_percent,pair_weighted,risk,0.4860039770291457,0.46369681608906055,0.5035871365731108,11
atom_occlusion,one_hop_expanded_symmetry_closed,fixed_50_percent,pair_weighted,retained_fraction,0.5067254641952912,0.5058323990883314,0.5077191281115763,11
atom_occlusion,one_hop_expanded_symmetry_closed,fixed_50_percent,pair_weighted,precision,0.3023909934582945,0.28002727437641345,0.3272449394127457,11
atom_occlusion,one_hop_expanded_symmetry_closed,fixed_50_percent,pair_weighted,iou,0.23829808158970023,0.22124870377160666,0.25881550546886495,11
atom_occlusion,one_hop_expanded_symmetry_closed,oracle_proxy,component_weighted,risk,0.0,0.0,0.0,11
atom_occlusion,one_hop_expanded_symmetry_closed,oracle_proxy,component_weighted,retained_fraction,0.29878226820669584,0.27451992191906216,0.3213274119763721,11
atom_occlusion,one_hop_expanded_symmetry_closed,oracle_proxy,component_weighted,precision,1.0,1.0,1.0,11
atom_occlusion,one_hop_expanded_symmetry_closed,oracle_proxy,component_weighted,iou,1.0,1.0,1.0,11
atom_occlusion,one_hop_expanded_symmetry_closed,oracle_proxy,pair_weighted,risk,0.0,0.0,0.0,11
atom_occlusion,one_hop_expanded_symmetry_closed,oracle_proxy,pair_weighted,retained_fraction,0.29849283031679535,0.2783141753227662,0.3169261849614561,11
atom_occlusion,one_hop_expanded_symmetry_closed,oracle_proxy,pair_weighted,precision,1.0,1.0,1.0,11
atom_occlusion,one_hop_expanded_symmetry_closed,oracle_proxy,pair_weighted,iou,1.0,1.0,1.0,11
atom_occlusion,one_hop_expanded_symmetry_closed,pair_crc_descriptive,component_weighted,risk,0.08146043623026535,0.06708727810750828,0.09879191299271724,11
atom_occlusion,one_hop_expanded_symmetry_closed,pair_crc_descriptive,component_weighted,retained_fraction,0.9172948788248878,0.9050116383710725,0.928618632219583,11
atom_occlusion,one_hop_expanded_symmetry_closed,pair_crc_descriptive,component_weighted,precision,0.3003253533990096,0.27374776871806644,0.32654586498228916,11
atom_occlusion,one_hop_expanded_symmetry_closed,pair_crc_descriptive,component_weighted,iou,0.2921466473526359,0.2673274905238421,0.3169855476663935,11
atom_occlusion,one_hop_expanded_symmetry_closed,pair_crc_descriptive,pair_weighted,risk,0.08034614059217328,0.07020819931984103,0.09140384611368185,11
atom_occlusion,one_hop_expanded_symmetry_closed,pair_crc_descriptive,pair_weighted,retained_fraction,0.9170047575690533,0.9039973996366962,0.9280846827463416,11
atom_occlusion,one_hop_expanded_symmetry_closed,pair_crc_descriptive,pair_weighted,precision,0.3003335073196365,0.2797321848780561,0.3198718667200297,11
atom_occlusion,one_hop_expanded_symmetry_closed,pair_crc_descriptive,pair_weighted,iou,0.29238585100329784,0.27309144621658765,0.31058832378964335,11
atom_occlusion,one_hop_expanded_symmetry_closed,random_same_nominal_size,component_weighted,risk,0.08503485854082114,0.07327705068771213,0.09752115237933284,11
atom_occlusion,one_hop_expanded_symmetry_closed,random_same_nominal_size,component_weighted,retained_fraction,0.9149651414591787,0.9024788476206672,0.9267229493122879,11
atom_occlusion,one_hop_expanded_symmetry_closed,random_same_nominal_size,component_weighted,precision,0.29878226820669584,0.2743404351493972,0.32213942737983586,11
atom_occlusion,one_hop_expanded_symmetry_closed,random_same_nominal_size,component_weighted,iou,0.28928728986558805,0.2671176198341159,0.31056005916068474,11
atom_occlusion,one_hop_expanded_symmetry_closed,random_same_nominal_size,pair_weighted,risk,0.08529127111672284,0.07344081688200384,0.09809452970389658,11
atom_occlusion,one_hop_expanded_symmetry_closed,random_same_nominal_size,pair_weighted,retained_fraction,0.9147087288832771,0.9019054702961035,0.9265591831179962,11
atom_occlusion,one_hop_expanded_symmetry_closed,random_same_nominal_size,pair_weighted,precision,0.29849283031679535,0.27902819097673937,0.31699364281272374,11
atom_occlusion,one_hop_expanded_symmetry_closed,random_same_nominal_size,pair_weighted,iou,0.28921173653961585,0.271446001612532,0.3058072904774355,11
atom_occlusion,variable_only_symmetry_closed,component_crc_cluster_stress_test,component_weighted,risk,0.019324720649841053,0.010536603787392886,0.02772921956942566,7
atom_occlusion,variable_only_symmetry_closed,component_crc_cluster_stress_test,component_weighted,retained_fraction,0.977178629592525,0.9646287841485439,0.9885589200880974,7
atom_occlusion,variable_only_symmetry_closed,component_crc_cluster_stress_test,component_weighted,precision,0.20457704909956662,0.18182267502262042,0.23002013811379382,7
atom_occlusion,variable_only_symmetry_closed,component_crc_cluster_stress_test,component_weighted,iou,0.20371449969954983,0.18117830108627508,0.22903581654989003,7
atom_occlusion,variable_only_symmetry_closed,component_crc_cluster_stress_test,pair_weighted,risk,0.021587895098624407,0.011529171688661032,0.030890315487062826,7
atom_occlusion,variable_only_symmetry_closed,component_crc_cluster_stress_test,pair_weighted,retained_fraction,0.977305470418894,0.9650126048459181,0.9892035636208911,7
atom_occlusion,variable_only_symmetry_closed,component_crc_cluster_stress_test,pair_weighted,precision,0.20142668902966127,0.18195421449898835,0.22177196226172566,7
atom_occlusion,variable_only_symmetry_closed,component_crc_cluster_stress_test,pair_weighted,iou,0.20056337777016373,0.18119692027080075,0.22078364821262017,7
atom_occlusion,variable_only_symmetry_closed,fixed_20_percent,component_weighted,risk,0.7665886913649076,0.73880396829294,0.7919212747109583,11
atom_occlusion,variable_only_symmetry_closed,fixed_20_percent,component_weighted,retained_fraction,0.20858560651123711,0.2077955937020859,0.20945532941501308,11
atom_occlusion,variable_only_symmetry_closed,fixed_20_percent,component_weighted,precision,0.2013729132724835,0.17941159076648408,0.22676815707793227,11
atom_occlusion,variable_only_symmetry_closed,fixed_20_percent,component_weighted,iou,0.11308911244305339,0.10458165900686284,0.12313240162274672,11
atom_occlusion,variable_only_symmetry_closed,fixed_20_percent,pair_weighted,risk,0.7750650811060974,0.7581979578939682,0.7903347805602924,11
atom_occlusion,variable_only_symmetry_closed,fixed_20_percent,pair_weighted,retained_fraction,0.20903721471586334,0.20824810830694235,0.20978947020133848,11
atom_occlusion,variable_only_symmetry_closed,fixed_20_percent,pair_weighted,precision,0.19624275368275707,0.17830747128001084,0.214900005402664,11
atom_occlusion,variable_only_symmetry_closed,fixed_20_percent,pair_weighted,iou,0.11283421925735239,0.10470238815919795,0.12230514345762582,11
atom_occlusion,variable_only_symmetry_closed,fixed_50_percent,component_weighted,risk,0.4894334753267388,0.4535345610675963,0.5263039893668396,11
atom_occlusion,variable_only_symmetry_closed,fixed_50_percent,component_weighted,retained_fraction,0.5061701344665391,0.5054013702280775,0.5069856234060559,11
atom_occlusion,variable_only_symmetry_closed,fixed_50_percent,component_weighted,precision,0.20257662851082775,0.17919245357938002,0.22909360594855896,11
atom_occlusion,variable_only_symmetry_closed,fixed_50_percent,component_weighted,iou,0.16842900203775182,0.14878634805960833,0.19179531042738768,11
atom_occlusion,variable_only_symmetry_closed,fixed_50_percent,pair_weighted,risk,0.48816734436031733,0.4668887703303101,0.5103006320837067,11
atom_occlusion,variable_only_symmetry_closed,fixed_50_percent,pair_weighted,retained_fraction,0.5067254641952912,0.5058372149015802,0.5076919992041714,11
atom_occlusion,variable_only_symmetry_closed,fixed_50_percent,pair_weighted,precision,0.2030634981142388,0.18449160891977995,0.22253409902834695,11
atom_occlusion,variable_only_symmetry_closed,fixed_50_percent,pair_weighted,iou,0.17005925395719815,0.15438613215903335,0.18818964977457914,11
atom_occlusion,variable_only_symmetry_closed,oracle_proxy,component_weighted,risk,0.0,0.0,0.0,11
atom_occlusion,variable_only_symmetry_closed,oracle_proxy,component_weighted,retained_fraction,0.21101189671729487,0.18799035349429938,0.23392478371427883,11
atom_occlusion,variable_only_symmetry_closed,oracle_proxy,component_weighted,precision,1.0,1.0,1.0,11
atom_occlusion,variable_only_symmetry_closed,oracle_proxy,component_weighted,iou,1.0,1.0,1.0,11
atom_occlusion,variable_only_symmetry_closed,oracle_proxy,pair_weighted,risk,0.0,0.0,0.0,11
atom_occlusion,variable_only_symmetry_closed,oracle_proxy,pair_weighted,retained_fraction,0.21066223695181804,0.19371853651392093,0.22689398710855807,11
atom_occlusion,variable_only_symmetry_closed,oracle_proxy,pair_weighted,precision,1.0,1.0,1.0,11
atom_occlusion,variable_only_symmetry_closed,oracle_proxy,pair_weighted,iou,1.0,1.0,1.0,11
atom_occlusion,variable_only_symmetry_closed,pair_crc_descriptive,component_weighted,risk,0.08488533094744093,0.06678723882290655,0.10793948762951426,11
atom_occlusion,variable_only_symmetry_closed,pair_crc_descriptive,component_weighted,retained_fraction,0.9149734562282259,0.8968308320719321,0.9311035194759166,11
atom_occlusion,variable_only_symmetry_closed,pair_crc_descriptive,component_weighted,precision,0.21370408619272868,0.1874873181753484,0.2396529776228719,11
atom_occlusion,variable_only_symmetry_closed,pair_crc_descriptive,component_weighted,iou,0.20921457272109698,0.18404028710373,0.23424636589641382,11
atom_occlusion,variable_only_symmetry_closed,pair_crc_descriptive,pair_weighted,risk,0.08404112313339546,0.07009463989650812,0.10015292857408807,11
atom_occlusion,variable_only_symmetry_closed,pair_crc_descriptive,pair_weighted,retained_fraction,0.9146666673939826,0.8956783722519613,0.9304004900819646,11
atom_occlusion,variable_only_symmetry_closed,pair_crc_descriptive,pair_weighted,precision,0.2132523175772809,0.19372170454088833,0.23275643889516118,11
atom_occlusion,variable_only_symmetry_closed,pair_crc_descriptive,pair_weighted,iou,0.20889918099636223,0.19024974418463703,0.22747762424278406,11
atom_occlusion,variable_only_symmetry_closed,random_same_nominal_size,component_weighted,risk,0.08726631887180812,0.07143174597663164,0.10711740823003331,11
atom_occlusion,variable_only_symmetry_closed,random_same_nominal_size,component_weighted,retained_fraction,0.9127336811281919,0.8928825917699669,0.9285682540233684,11
atom_occlusion,variable_only_symmetry_closed,random_same_nominal_size,component_weighted,precision,0.21101189671729487,0.1876744525132739,0.23416385807139378,11
atom_occlusion,variable_only_symmetry_closed,random_same_nominal_size,component_weighted,iou,0.20522424157071864,0.1837877048877857,0.22661289404364016,11
atom_occlusion,variable_only_symmetry_closed,random_same_nominal_size,pair_weighted,risk,0.08756771148325122,0.07183211252727786,0.10670983600104841,11
atom_occlusion,variable_only_symmetry_closed,random_same_nominal_size,pair_weighted,retained_fraction,0.9124322885167487,0.8932901639989516,0.9281678874727222,11
atom_occlusion,variable_only_symmetry_closed,random_same_nominal_size,pair_weighted,precision,0.21066223695181804,0.19377367973142598,0.2265882168958537,11
atom_occlusion,variable_only_symmetry_closed,random_same_nominal_size,pair_weighted,iou,0.20512330208825824,0.18956072879629438,0.21967456204338323,11
integrated_gradients,main_variable_plus_attachment_symmetry_closed,component_crc_cluster_stress_test,component_weighted,risk,0.021647379133260678,0.010582309719844047,0.032288701038626376,7
integrated_gradients,main_variable_plus_attachment_symmetry_closed,component_crc_cluster_stress_test,component_weighted,retained_fraction,0.9781396878318073,0.9650970346955675,0.9906557544527373,7
integrated_gradients,main_variable_plus_attachment_symmetry_closed,component_crc_cluster_stress_test,component_weighted,precision,0.23659179800418223,0.21316014595952967,0.261903777264854,7
integrated_gradients,main_variable_plus_attachment_symmetry_closed,component_crc_cluster_stress_test,component_weighted,iou,0.23530731545324174,0.21236889089215769,0.2600247953681184,7
integrated_gradients,main_variable_plus_attachment_symmetry_closed,component_crc_cluster_stress_test,pair_weighted,risk,0.02486763823465773,0.013233723366722929,0.035892402602323424,7
integrated_gradients,main_variable_plus_attachment_symmetry_closed,component_crc_cluster_stress_test,pair_weighted,retained_fraction,0.9778499761980194,0.9643132921561055,0.9895862424750942,7
integrated_gradients,main_variable_plus_attachment_symmetry_closed,component_crc_cluster_stress_test,pair_weighted,precision,0.23327324177917538,0.212380319522781,0.2542087217873855,7
integrated_gradients,main_variable_plus_attachment_symmetry_closed,component_crc_cluster_stress_test,pair_weighted,iou,0.23193096754481646,0.21141173620374792,0.2525455848020779,7
integrated_gradients,main_variable_plus_attachment_symmetry_closed,fixed_20_percent,component_weighted,risk,0.7818536322637658,0.7447886051814927,0.8108128546922805,11
integrated_gradients,main_variable_plus_attachment_symmetry_closed,fixed_20_percent,component_weighted,retained_fraction,0.20878156214953422,0.20775293233181177,0.20980526797734864,11
integrated_gradients,main_variable_plus_attachment_symmetry_closed,fixed_20_percent,component_weighted,precision,0.24586302341502397,0.20427245682569425,0.29956371449838703,11
integrated_gradients,main_variable_plus_attachment_symmetry_closed,fixed_20_percent,component_weighted,iou,0.13499895392518768,0.11004828943132088,0.1718399835955816,11
integrated_gradients,main_variable_plus_attachment_symmetry_closed,fixed_20_percent,pair_weighted,risk,0.7798510060852369,0.742380367981366,0.8117374664191523,11
integrated_gradients,main_variable_plus_attachment_symmetry_closed,fixed_20_percent,pair_weighted,retained_fraction,0.20893656481641718,0.20796233303136752,0.2099449631952285,11
integrated_gradients,main_variable_plus_attachment_symmetry_closed,fixed_20_percent,pair_weighted,precision,0.24275770659032325,0.2021701924389707,0.29640338751440615,11
integrated_gradients,main_variable_plus_attachment_symmetry_closed,fixed_20_percent,pair_weighted,iou,0.13650787074702841,0.1091600087705199,0.1766461918547907,11
integrated_gradients,main_variable_plus_attachment_symmetry_closed,fixed_50_percent,component_weighted,risk,0.4964915661618129,0.4513842325498034,0.5304558870231969,11
integrated_gradients,main_variable_plus_attachment_symmetry_closed,fixed_50_percent,component_weighted,retained_fraction,0.5053733997847111,0.5047570141771315,0.5060168365606856,11
integrated_gradients,main_variable_plus_attachment_symmetry_closed,fixed_50_percent,component_weighted,precision,0.23889614333145398,0.2086283925536181,0.27411246204248374,11
integrated_gradients,main_variable_plus_attachment_symmetry_closed,fixed_50_percent,component_weighted,iou,0.19573915792190666,0.17073974606582576,0.22764715920154655,11
integrated_gradients,main_variable_plus_attachment_symmetry_closed,fixed_50_percent,pair_weighted,risk,0.4924275865782733,0.44900497059183037,0.5277970829438077,11
integrated_gradients,main_variable_plus_attachment_symmetry_closed,fixed_50_percent,pair_weighted,retained_fraction,0.5058913539833021,0.5051819571499251,0.5065833790004425,11
integrated_gradients,main_variable_plus_attachment_symmetry_closed,fixed_50_percent,pair_weighted,precision,0.2407066681326615,0.21597130327835112,0.2708496485466408,11
integrated_gradients,main_variable_plus_attachment_symmetry_closed,fixed_50_percent,pair_weighted,iou,0.19869660397934233,0.17705149200709436,0.22774902397968427,11
integrated_gradients,main_variable_plus_attachment_symmetry_closed,oracle_proxy,component_weighted,risk,0.0,0.0,0.0,11
integrated_gradients,main_variable_plus_attachment_symmetry_closed,oracle_proxy,component_weighted,retained_fraction,0.24444974013975115,0.22062990337758762,0.2678333063654161,11
integrated_gradients,main_variable_plus_attachment_symmetry_closed,oracle_proxy,component_weighted,precision,1.0,1.0,1.0,11
integrated_gradients,main_variable_plus_attachment_symmetry_closed,oracle_proxy,component_weighted,iou,1.0,1.0,1.0,11
integrated_gradients,main_variable_plus_attachment_symmetry_closed,oracle_proxy,pair_weighted,risk,0.0,0.0,0.0,11
integrated_gradients,main_variable_plus_attachment_symmetry_closed,oracle_proxy,pair_weighted,retained_fraction,0.24379505476550012,0.22635674302582703,0.2612384002785374,11
integrated_gradients,main_variable_plus_attachment_symmetry_closed,oracle_proxy,pair_weighted,precision,1.0,1.0,1.0,11
integrated_gradients,main_variable_plus_attachment_symmetry_closed,oracle_proxy,pair_weighted,iou,1.0,1.0,1.0,11
integrated_gradients,main_variable_plus_attachment_symmetry_closed,pair_crc_descriptive,component_weighted,risk,0.0640115232836952,0.05428912973328221,0.07299491513060402,11
integrated_gradients,main_variable_plus_attachment_symmetry_closed,pair_crc_descriptive,component_weighted,retained_fraction,0.9261073023576597,0.909566690343459,0.9400529545170587,11
integrated_gradients,main_variable_plus_attachment_symmetry_closed,pair_crc_descriptive,component_weighted,precision,0.24832165299581754,0.22219825075613775,0.2745776547406388,11
integrated_gradients,main_variable_plus_attachment_symmetry_closed,pair_crc_descriptive,component_weighted,iou,0.24377889439611655,0.21839538841422532,0.26915426319357655,11
integrated_gradients,main_variable_plus_attachment_symmetry_closed,pair_crc_descriptive,pair_weighted,risk,0.07034031226042704,0.0605295183957271,0.08107335984950222,11
integrated_gradients,main_variable_plus_attachment_symmetry_closed,pair_crc_descriptive,pair_weighted,retained_fraction,0.925906818712466,0.9098817569140911,0.9396384454152925,11
integrated_gradients,main_variable_plus_attachment_symmetry_closed,pair_crc_descriptive,pair_weighted,precision,0.2465331501253868,0.2258567971844622,0.2677429038424345,11
integrated_gradients,main_variable_plus_attachment_symmetry_closed,pair_crc_descriptive,pair_weighted,iou,0.24196537620274905,0.2218707605868907,0.26255132972254414,11
integrated_gradients,main_variable_plus_attachment_symmetry_closed,random_same_nominal_size,component_weighted,risk,0.07552018645859727,0.06218427058448819,0.09233290325123941,11
integrated_gradients,main_variable_plus_attachment_symmetry_closed,random_same_nominal_size,component_weighted,retained_fraction,0.9244798135414029,0.9076670967487604,0.9378157294155118,11
integrated_gradients,main_variable_plus_attachment_symmetry_closed,random_same_nominal_size,component_weighted,precision,0.24444974013975115,0.22053037768266912,0.2680579505459673,11
integrated_gradients,main_variable_plus_attachment_symmetry_closed,random_same_nominal_size,component_weighted,iou,0.2383374920642294,0.21600462508196946,0.2600804737830382,11
integrated_gradients,main_variable_plus_attachment_symmetry_closed,random_same_nominal_size,pair_weighted,risk,0.07581083616412378,0.06214906930083507,0.09170182299636376,11
integrated_gradients,main_variable_plus_attachment_symmetry_closed,random_same_nominal_size,pair_weighted,retained_fraction,0.9241891638358762,0.9082981770036362,0.9378509306991648,11
integrated_gradients,main_variable_plus_attachment_symmetry_closed,random_same_nominal_size,pair_weighted,precision,0.24379505476550012,0.22645551950538226,0.26094610577908534,11
integrated_gradients,main_variable_plus_attachment_symmetry_closed,random_same_nominal_size,pair_weighted,iou,0.2379298091073376,0.2217793914241579,0.25384439910210344,11
integrated_gradients,one_hop_expanded_symmetry_closed,component_crc_cluster_stress_test,component_weighted,risk,0.022218047831596442,0.011682759564547045,0.031742013762537595,7
integrated_gradients,one_hop_expanded_symmetry_closed,component_crc_cluster_stress_test,component_weighted,retained_fraction,0.9786871974329749,0.9658224641686178,0.9901320940522939,7
integrated_gradients,one_hop_expanded_symmetry_closed,component_crc_cluster_stress_test,component_weighted,precision,0.28857114839455555,0.26223497553369646,0.31771514020574615,7
integrated_gradients,one_hop_expanded_symmetry_closed,component_crc_cluster_stress_test,component_weighted,iou,0.2863151314267077,0.26092581167200074,0.3147214942697855,7
integrated_gradients,one_hop_expanded_symmetry_closed,component_crc_cluster_stress_test,pair_weighted,risk,0.024128873285423614,0.012494884300428551,0.03441502211043399,7
integrated_gradients,one_hop_expanded_symmetry_closed,component_crc_cluster_stress_test,pair_weighted,retained_fraction,0.9786944308637279,0.9663658225991847,0.9898935783067869,7
integrated_gradients,one_hop_expanded_symmetry_closed,component_crc_cluster_stress_test,pair_weighted,precision,0.28621089586310816,0.26292819080726787,0.30897102657280257,7
integrated_gradients,one_hop_expanded_symmetry_closed,component_crc_cluster_stress_test,pair_weighted,iou,0.2840099762486356,0.2610215749793383,0.30641010369717553,7
integrated_gradients,one_hop_expanded_symmetry_closed,fixed_20_percent,component_weighted,risk,0.7915164712842895,0.758680622359325,0.8176250550443529,11
integrated_gradients,one_hop_expanded_symmetry_closed,fixed_20_percent,component_weighted,retained_fraction,0.20878156214953422,0.2077488642608159,0.20980924668789022,11
integrated_gradients,one_hop_expanded_symmetry_closed,fixed_20_percent,component_weighted,precision,0.29959311147189455,0.2554990838713182,0.352559828907995,11
integrated_gradients,one_hop_expanded_symmetry_closed,fixed_20_percent,component_weighted,iou,0.1486787207778961,0.12623390605530724,0.17977928787199252,11
integrated_gradients,one_hop_expanded_symmetry_closed,fixed_20_percent,pair_weighted,risk,0.7863319205953804,0.7545658728965772,0.8165693731223765,11
integrated_gradients,one_hop_expanded_symmetry_closed,fixed_20_percent,pair_weighted,retained_fraction,0.20893656481641718,0.20795187607433555,0.20989601183088671,11
integrated_gradients,one_hop_expanded_symmetry_closed,fixed_20_percent,pair_weighted,precision,0.30046387278531966,0.2549532545042947,0.3527982552138494,11
integrated_gradients,one_hop_expanded_symmetry_closed,fixed_20_percent,pair_weighted,iou,0.1510199124266049,0.12550250687131154,0.18569735727486905,11
integrated_gradients,one_hop_expanded_symmetry_closed,fixed_50_percent,component_weighted,risk,0.5030350021889984,0.4661673427283449,0.5328018066003586,11
integrated_gradients,one_hop_expanded_symmetry_closed,fixed_50_percent,component_weighted,retained_fraction,0.5053733997847111,0.5047472196772746,0.5060383406861175,11
integrated_gradients,one_hop_expanded_symmetry_closed,fixed_50_percent,component_weighted,precision,0.2931814196376949,0.2622208183384474,0.32766089011298344,11
integrated_gradients,one_hop_expanded_symmetry_closed,fixed_50_percent,component_weighted,iou,0.2304014674267502,0.20706289741738582,0.25905412009535617,11
integrated_gradients,one_hop_expanded_symmetry_closed,fixed_50_percent,pair_weighted,risk,0.49581476739344715,0.4626898418982898,0.5229055797940014,11
integrated_gradients,one_hop_expanded_symmetry_closed,fixed_50_percent,pair_weighted,retained_fraction,0.5058913539833021,0.5051814044634839,0.5065900582886557,11
integrated_gradients,one_hop_expanded_symmetry_closed,fixed_50_percent,pair_weighted,precision,0.29666559704889894,0.27209662961565695,0.3262040027117988,11
integrated_gradients,one_hop_expanded_symmetry_closed,fixed_50_percent,pair_weighted,iou,0.23415966535173707,0.2146361770357363,0.2602548623703239,11
integrated_gradients,one_hop_expanded_symmetry_closed,oracle_proxy,component_weighted,risk,0.0,0.0,0.0,11
integrated_gradients,one_hop_expanded_symmetry_closed,oracle_proxy,component_weighted,retained_fraction,0.29878226820669584,0.27447991303771585,0.3229049427463341,11
integrated_gradients,one_hop_expanded_symmetry_closed,oracle_proxy,component_weighted,precision,1.0,1.0,1.0,11
integrated_gradients,one_hop_expanded_symmetry_closed,oracle_proxy,component_weighted,iou,1.0,1.0,1.0,11
integrated_gradients,one_hop_expanded_symmetry_closed,oracle_proxy,pair_weighted,risk,0.0,0.0,0.0,11
integrated_gradients,one_hop_expanded_symmetry_closed,oracle_proxy,pair_weighted,retained_fraction,0.29849283031679535,0.27919751649340757,0.3173135503103921,11
integrated_gradients,one_hop_expanded_symmetry_closed,oracle_proxy,pair_weighted,precision,1.0,1.0,1.0,11
integrated_gradients,one_hop_expanded_symmetry_closed,oracle_proxy,pair_weighted,iou,1.0,1.0,1.0,11
integrated_gradients,one_hop_expanded_symmetry_closed,pair_crc_descriptive,component_weighted,risk,0.06667631236065252,0.056592721401371233,0.0765564293223975,11
integrated_gradients,one_hop_expanded_symmetry_closed,pair_crc_descriptive,component_weighted,retained_fraction,0.9273519433142151,0.9157124015735155,0.9380628467663611,11
integrated_gradients,one_hop_expanded_symmetry_closed,pair_crc_descriptive,component_weighted,precision,0.3013378695145498,0.27509474849045085,0.3276479325392554,11
integrated_gradients,one_hop_expanded_symmetry_closed,pair_crc_descriptive,component_weighted,iou,0.2945593345586767,0.26956932802585953,0.3199551229065624,11
integrated_gradients,one_hop_expanded_symmetry_closed,pair_crc_descriptive,pair_weighted,risk,0.06804091871287397,0.05802845177602115,0.07819147171453351,11
integrated_gradients,one_hop_expanded_symmetry_closed,pair_crc_descriptive,pair_weighted,retained_fraction,0.926994468902592,0.9155020077382521,0.9378211273959024,11
integrated_gradients,one_hop_expanded_symmetry_closed,pair_crc_descriptive,pair_weighted,precision,0.30085684694972764,0.2788964607949461,0.3220874955870382,11
integrated_gradients,one_hop_expanded_symmetry_closed,pair_crc_descriptive,pair_weighted,iou,0.29412396238642163,0.27286226837031324,0.31461302501411037,11
integrated_gradients,one_hop_expanded_symmetry_closed,random_same_nominal_size,component_weighted,risk,0.07467668936828895,0.06459425301860972,0.08606041386639308,11
integrated_gradients,one_hop_expanded_symmetry_closed,random_same_nominal_size,component_weighted,retained_fraction,0.925323310631711,0.9139395861336068,0.9354057469813905,11
integrated_gradients,one_hop_expanded_symmetry_closed,random_same_nominal_size,component_weighted,precision,0.29878226820669584,0.2750639290321103,0.3229373949638774,11
integrated_gradients,one_hop_expanded_symmetry_closed,random_same_nominal_size,component_weighted,iou,0.2906043272227094,0.26867005675635786,0.3130628781644806,11
integrated_gradients,one_hop_expanded_symmetry_closed,random_same_nominal_size,pair_weighted,risk,0.07508938496761672,0.06450882601944415,0.0866844088540256,11
integrated_gradients,one_hop_expanded_symmetry_closed,random_same_nominal_size,pair_weighted,retained_fraction,0.9249106150323834,0.9133155911459744,0.9354911739805557,11
integrated_gradients,one_hop_expanded_symmetry_closed,random_same_nominal_size,pair_weighted,precision,0.29849283031679535,0.2786064455722734,0.31665172593707236,11
integrated_gradients,one_hop_expanded_symmetry_closed,random_same_nominal_size,pair_weighted,iou,0.29047713851954937,0.2718995580487237,0.3071589022016165,11
integrated_gradients,variable_only_symmetry_closed,component_crc_cluster_stress_test,component_weighted,risk,0.025342703316896843,0.012019444380148816,0.03859981131630406,7
integrated_gradients,variable_only_symmetry_closed,component_crc_cluster_stress_test,component_weighted,retained_fraction,0.977461017084995,0.9639427160396795,0.989768833029367,7
integrated_gradients,variable_only_symmetry_closed,component_crc_cluster_stress_test,component_weighted,precision,0.20383086604486492,0.18174004907797706,0.22797275288225158,7
integrated_gradients,variable_only_symmetry_closed,component_crc_cluster_stress_test,component_weighted,iou,0.20286461790294438,0.18106880114681903,0.2266343532938631,7
integrated_gradients,variable_only_symmetry_closed,component_crc_cluster_stress_test,pair_weighted,risk,0.030798076318291175,0.014481669113944428,0.04611664181672117,7
integrated_gradients,variable_only_symmetry_closed,component_crc_cluster_stress_test,pair_weighted,retained_fraction,0.9773418293290866,0.9634706478474365,0.9897589424267493,7
integrated_gradients,variable_only_symmetry_closed,component_crc_cluster_stress_test,pair_weighted,precision,0.20035133818130899,0.18095188088067884,0.21987113135340894,7
integrated_gradients,variable_only_symmetry_closed,component_crc_cluster_stress_test,pair_weighted,iou,0.1993188607739942,0.18001067843210655,0.21862704311588174,7
integrated_gradients,variable_only_symmetry_closed,fixed_20_percent,component_weighted,risk,0.7819414579478255,0.7436068258471268,0.8139114513213921,11
integrated_gradients,variable_only_symmetry_closed,fixed_20_percent,component_weighted,retained_fraction,0.20878156214953422,0.20774388605172675,0.20984578935069595,11
integrated_gradients,variable_only_symmetry_closed,fixed_20_percent,component_weighted,precision,0.2059784686062513,0.16632143278021236,0.25647969669736564,11
integrated_gradients,variable_only_symmetry_closed,fixed_20_percent,component_weighted,iou,0.12088918520041997,0.09399090672403858,0.16052309887614644,11
integrated_gradients,variable_only_symmetry_closed,fixed_20_percent,pair_weighted,risk,0.7818115524144988,0.7389737112326636,0.8176600057114572,11
integrated_gradients,variable_only_symmetry_closed,fixed_20_percent,pair_weighted,retained_fraction,0.20893656481641718,0.20795569481776632,0.2098498592533183,11
integrated_gradients,variable_only_symmetry_closed,fixed_20_percent,pair_weighted,precision,0.20180877435546896,0.16234805777093822,0.2532690293055075,11
integrated_gradients,variable_only_symmetry_closed,fixed_20_percent,pair_weighted,iou,0.12297200221383063,0.09304288773288621,0.16869331271081497,11
integrated_gradients,variable_only_symmetry_closed,fixed_50_percent,component_weighted,risk,0.509423809484007,0.4560058964426019,0.5553363115717617,11
integrated_gradients,variable_only_symmetry_closed,fixed_50_percent,component_weighted,retained_fraction,0.5053733997847111,0.5047917776688355,0.5060230456040948,11
integrated_gradients,variable_only_symmetry_closed,fixed_50_percent,component_weighted,precision,0.20097530893282922,0.1724500817458745,0.23364153452133807,11
integrated_gradients,variable_only_symmetry_closed,fixed_50_percent,component_weighted,iou,0.1689961841611093,0.1441949266859954,0.20026113810934573,11
integrated_gradients,variable_only_symmetry_closed,fixed_50_percent,pair_weighted,risk,0.5067877637002266,0.4559378047402631,0.5511682654064725,11
integrated_gradients,variable_only_symmetry_closed,fixed_50_percent,pair_weighted,retained_fraction,0.5058913539833021,0.5051857139017344,0.5065729076883255,11
integrated_gradients,variable_only_symmetry_closed,fixed_50_percent,pair_weighted,precision,0.20283680593365183,0.1797429623977558,0.23096059145431036,11
integrated_gradients,variable_only_symmetry_closed,fixed_50_percent,pair_weighted,iou,0.1722390045126936,0.15067566162851304,0.2001876985870667,11
integrated_gradients,variable_only_symmetry_closed,oracle_proxy,component_weighted,risk,0.0,0.0,0.0,11
integrated_gradients,variable_only_symmetry_closed,oracle_proxy,component_weighted,retained_fraction,0.21101189671729487,0.18784188731573037,0.2344259456290665,11
integrated_gradients,variable_only_symmetry_closed,oracle_proxy,component_weighted,precision,1.0,1.0,1.0,11
integrated_gradients,variable_only_symmetry_closed,oracle_proxy,component_weighted,iou,1.0,1.0,1.0,11
integrated_gradients,variable_only_symmetry_closed,oracle_proxy,pair_weighted,risk,0.0,0.0,0.0,11
integrated_gradients,variable_only_symmetry_closed,oracle_proxy,pair_weighted,retained_fraction,0.21066223695181804,0.19387565975989218,0.22684585115259606,11
integrated_gradients,variable_only_symmetry_closed,oracle_proxy,pair_weighted,precision,1.0,1.0,1.0,11
integrated_gradients,variable_only_symmetry_closed,oracle_proxy,pair_weighted,iou,1.0,1.0,1.0,11
integrated_gradients,variable_only_symmetry_closed,pair_crc_descriptive,component_weighted,risk,0.06991655349906868,0.05578932958371878,0.08298255578816836,11
integrated_gradients,variable_only_symmetry_closed,pair_crc_descriptive,component_weighted,retained_fraction,0.9237474441023672,0.9010901002219487,0.942190181382144,11
integrated_gradients,variable_only_symmetry_closed,pair_crc_descriptive,component_weighted,precision,0.2150896435406608,0.18908070742715097,0.2419105969431244,11
integrated_gradients,variable_only_symmetry_closed,pair_crc_descriptive,component_weighted,iou,0.21134280216502893,0.18640971642908244,0.23735942202973662,11
integrated_gradients,variable_only_symmetry_closed,pair_crc_descriptive,pair_weighted,risk,0.07772868870757349,0.061943849092665544,0.09391069995042876,11
integrated_gradients,variable_only_symmetry_closed,pair_crc_descriptive,pair_weighted,retained_fraction,0.9235928138689476,0.9012197402285603,0.9422105328509944,11
integrated_gradients,variable_only_symmetry_closed,pair_crc_descriptive,pair_weighted,precision,0.21406478815118837,0.1943824580595655,0.2355169819341043,11
integrated_gradients,variable_only_symmetry_closed,pair_crc_descriptive,pair_weighted,iou,0.21049329113938756,0.19124188713267617,0.23117855709433563,11
integrated_gradients,variable_only_symmetry_closed,random_same_nominal_size,component_weighted,risk,0.07782002822892115,0.058808303264322966,0.09963575646197663,11
integrated_gradients,variable_only_symmetry_closed,random_same_nominal_size,component_weighted,retained_fraction,0.9221799717710787,0.9003642435380234,0.941191696735677,11
integrated_gradients,variable_only_symmetry_closed,random_same_nominal_size,component_weighted,precision,0.21101189671729487,0.18730605407475787,0.23367557712687648,11
integrated_gradients,variable_only_symmetry_closed,random_same_nominal_size,component_weighted,iou,0.20577477784127343,0.18375680902576788,0.2265472014121921,11
integrated_gradients,variable_only_symmetry_closed,random_same_nominal_size,pair_weighted,risk,0.07811885915480116,0.05996367431328164,0.10023605741333258,11
integrated_gradients,variable_only_symmetry_closed,random_same_nominal_size,pair_weighted,retained_fraction,0.9218811408451988,0.8997639425866673,0.9400363256867184,11
integrated_gradients,variable_only_symmetry_closed,random_same_nominal_size,pair_weighted,precision,0.21066223695181804,0.1942886957238933,0.22693010817326414,11
integrated_gradients,variable_only_symmetry_closed,random_same_nominal_size,pair_weighted,iou,0.20572966698004633,0.1904310078846912,0.2207827184820977,11
