cell_id,family,task,model,seed,method,origin,fraction,index,empirical_risk,corrected_risk,n_calibration,alpha,risk,mean_atom_fraction,precision,iou,tie_inflation,median_atom_fraction,random_atom_fraction,saving_vs_random
bxaic__B__gcn__seed123,bxaic,B,gcn,123,atom_occlusion,fresh_full_partition,0.01,1,0.012605042016806723,0.020833333333333332,119,0.1,0.029051987767584102,0.03860035714971998,0.9908256880733946,0.9617737003058103,0.0,0.037037037037037035,0.9109252060222288,0.8723248488725088
bxaic__B__gcn__seed123,bxaic,B,gcn,123,saliency,fresh_full_partition,0.05,5,0.08403361344537816,0.09166666666666666,119,0.1,0.09174311926605505,0.0690404773475922,0.5037461773700306,0.5037461773700306,0.0,0.06818181818181818,0.9109252060222288,0.8418847286746366
bxaic__B__gcn__seed123,bxaic,B,gcn,123,ig,historical_full_partition,0.01,1,0.012605042016806723,0.020833333333333332,119,0.1,0.029051987767584102,0.03860035714971998,0.9908256880733946,0.9617737003058103,,0.037037037037037035,0.9109252060222288,0.8723248488725088
bxaic__B__gcn__seed123,bxaic,B,gcn,123,gradinput,historical_full_partition,0.01,1,0.012605042016806723,0.020833333333333332,119,0.1,0.029051987767584102,0.03860035714971998,0.9908256880733946,0.9617737003058103,,0.037037037037037035,0.9109252060222288,0.8723248488725088
bxaic__B__gcn__seed2026,bxaic,B,gcn,2026,atom_occlusion,fresh_full_partition,0.01,1,0.012605042016806723,0.020833333333333332,119,0.1,0.029051987767584102,0.03860035714971998,0.9908256880733946,0.9617737003058103,0.0,0.037037037037037035,0.8893335038811342,0.8507331467314142
bxaic__B__gcn__seed2026,bxaic,B,gcn,2026,saliency,fresh_full_partition,0.18,18,0.08823529411764706,0.09583333333333334,119,0.1,0.07339449541284404,0.19804965069799577,0.18650461940955454,0.18650461940955454,0.0,0.1935483870967742,0.8893335038811342,0.6912838531831385
bxaic__B__gcn__seed2026,bxaic,B,gcn,2026,ig,historical_full_partition,0.01,1,0.012605042016806723,0.020833333333333332,119,0.1,0.029051987767584102,0.03860035714971998,0.9908256880733946,0.9617737003058103,,0.037037037037037035,0.8893335038811342,0.8507331467314142
bxaic__B__gcn__seed2026,bxaic,B,gcn,2026,gradinput,historical_full_partition,0.01,1,0.012605042016806723,0.020833333333333332,119,0.1,0.029051987767584102,0.03860035714971998,0.9908256880733946,0.9617737003058103,,0.037037037037037035,0.8893335038811342,0.8507331467314142
bxaic__B__gcn__seed42,bxaic,B,gcn,42,atom_occlusion,fresh_full_partition,0.01,1,0.012605042016806723,0.020833333333333332,119,0.1,0.029051987767584102,0.03860035714971998,0.9908256880733946,0.9617737003058103,0.0,0.037037037037037035,0.9109252060222288,0.8723248488725088
bxaic__B__gcn__seed42,bxaic,B,gcn,42,saliency,fresh_full_partition,0.07,7,0.09243697478991597,0.1,119,0.1,0.07339449541284404,0.08836429410290186,0.41377238968982094,0.4122433377020533,0.0,0.08695652173913043,0.9109252060222288,0.8225609119193269
bxaic__B__gcn__seed42,bxaic,B,gcn,42,ig,historical_full_partition,0.01,1,0.012605042016806723,0.020833333333333332,119,0.1,0.029051987767584102,0.03860035714971998,0.9908256880733946,0.9617737003058103,,0.037037037037037035,0.9109252060222288,0.8723248488725088
bxaic__B__gcn__seed42,bxaic,B,gcn,42,gradinput,historical_full_partition,0.01,1,0.012605042016806723,0.020833333333333332,119,0.1,0.029051987767584102,0.03860035714971998,0.9908256880733946,0.9617737003058103,,0.037037037037037035,0.9109252060222288,0.8723248488725088
bxaic__B__gin__seed123,bxaic,B,gin,123,atom_occlusion,fresh_full_partition,0.01,1,0.012605042016806723,0.020833333333333332,119,0.1,0.029051987767584102,0.03860035714971998,0.9908256880733946,0.9617737003058103,0.0,0.037037037037037035,0.9109252060222288,0.8723248488725088
bxaic__B__gin__seed123,bxaic,B,gin,123,saliency,fresh_full_partition,0.01,1,0.06302521008403361,0.07083333333333333,119,0.1,0.07951070336391437,0.03860035714971998,0.9357798165137615,0.91131498470948,0.0,0.037037037037037035,0.9109252060222288,0.8723248488725088
bxaic__B__gin__seed123,bxaic,B,gin,123,ig,historical_full_partition,0.01,1,0.012605042016806723,0.020833333333333332,119,0.1,0.029051987767584102,0.03860035714971998,0.9908256880733946,0.9617737003058103,,0.037037037037037035,0.9109252060222288,0.8723248488725088
bxaic__B__gin__seed123,bxaic,B,gin,123,gradinput,historical_full_partition,0.01,1,0.012605042016806723,0.020833333333333332,119,0.1,0.029051987767584102,0.03860035714971998,0.9908256880733946,0.9617737003058103,,0.037037037037037035,0.9109252060222288,0.8723248488725088
bxaic__B__gin__seed2026,bxaic,B,gin,2026,atom_occlusion,fresh_full_partition,0.01,1,0.012605042016806723,0.020833333333333332,119,0.1,0.029051987767584102,0.03860035714971998,0.9908256880733946,0.9617737003058103,0.0,0.037037037037037035,0.8893335038811342,0.8507331467314142
bxaic__B__gin__seed2026,bxaic,B,gin,2026,saliency,fresh_full_partition,0.01,1,0.0546218487394958,0.0625,119,0.1,0.05657492354740062,0.03860035714971998,0.963302752293578,0.9342507645259939,0.0,0.037037037037037035,0.8893335038811342,0.8507331467314142
bxaic__B__gin__seed2026,bxaic,B,gin,2026,ig,historical_full_partition,0.01,1,0.012605042016806723,0.020833333333333332,119,0.1,0.029051987767584102,0.03860035714971998,0.9908256880733946,0.9617737003058103,,0.037037037037037035,0.8893335038811342,0.8507331467314142
bxaic__B__gin__seed2026,bxaic,B,gin,2026,gradinput,historical_full_partition,0.01,1,0.012605042016806723,0.020833333333333332,119,0.1,0.029051987767584102,0.03860035714971998,0.9908256880733946,0.9617737003058103,,0.037037037037037035,0.8893335038811342,0.8507331467314142
bxaic__B__gin__seed42,bxaic,B,gin,42,atom_occlusion,fresh_full_partition,0.01,1,0.012605042016806723,0.020833333333333332,119,0.1,0.029051987767584102,0.03860035714971998,0.9908256880733946,0.9617737003058103,0.0,0.037037037037037035,0.9109252060222288,0.8723248488725088
bxaic__B__gin__seed42,bxaic,B,gin,42,saliency,fresh_full_partition,0.01,1,0.06302521008403361,0.07083333333333333,119,0.1,0.10091743119266056,0.03860035714971998,0.908256880733945,0.8899082568807339,0.0,0.037037037037037035,0.9109252060222288,0.8723248488725088
bxaic__B__gin__seed42,bxaic,B,gin,42,ig,historical_full_partition,0.01,1,0.012605042016806723,0.020833333333333332,119,0.1,0.029051987767584102,0.03860035714971998,0.9908256880733946,0.9617737003058103,,0.037037037037037035,0.9109252060222288,0.8723248488725088
bxaic__B__gin__seed42,bxaic,B,gin,42,gradinput,historical_full_partition,0.01,1,0.012605042016806723,0.020833333333333332,119,0.1,0.029051987767584102,0.03860035714971998,0.9908256880733946,0.9617737003058103,,0.037037037037037035,0.9109252060222288,0.8723248488725088
bxaic__indole__gcn__seed123,bxaic,indole,gcn,123,atom_occlusion,fresh_full_partition,0.56,56,0.09393918805683511,0.09441909314790772,1887,0.1,0.09267291843090436,0.5771687133266271,0.48320193780622916,0.4575426484298645,0.0,0.5757575757575758,0.90726752777742,0.3300988144507929
bxaic__indole__gcn__seed123,bxaic,indole,gcn,123,saliency,fresh_full_partition,0.85,85,0.0959663283192695,0.0964451597131695,1887,0.1,0.09052768252822396,0.8652452057581679,0.32701886509350797,0.31619186707941,0.0,0.8636363636363636,0.90726752777742,0.042022322019252156
bxaic__indole__gcn__seed123,bxaic,indole,gcn,123,ig,historical_full_partition,0.76,76,0.09725064430946787,0.09772879545125508,1887,0.1,0.09413712002369287,0.7755804835294008,0.3656777795867114,0.3508058121191153,,0.7741935483870968,0.90726752777742,0.13168704424801925
bxaic__indole__gcn__seed123,bxaic,indole,gcn,123,gradinput,historical_full_partition,0.8300000000000001,83,0.09735935030052681,0.09783744386498824,1887,0.1,0.09772876089199861,0.8468982391419475,0.33408729227598327,0.3214103922293006,,0.8461538461538461,0.90726752777742,0.06036928863547253
bxaic__indole__gcn__seed2026,bxaic,indole,gcn,2026,atom_occlusion,fresh_full_partition,0.55,55,0.09808541573247458,0.09856312472838014,1887,0.1,0.09143814486261698,0.5656559959354353,0.49220644033770783,0.464303377153111,0.0,0.5641025641025641,0.90726752777742,0.3416115318419848
bxaic__indole__gcn__seed2026,bxaic,indole,gcn,2026,saliency,fresh_full_partition,0.7000000000000001,70,0.09747100041217689,0.09794903483992597,1887,0.1,0.09454752220047292,0.7179879589860141,0.3907315663706371,0.37388867056163994,0.0,0.7142857142857143,0.90726752777742,0.18927956879140595
bxaic__indole__gcn__seed2026,bxaic,indole,gcn,2026,ig,historical_full_partition,0.71,71,0.09701217054158234,0.09749044799362748,1887,0.1,0.09280763677758809,0.727164883610353,0.3862174933141384,0.36898846172321054,,0.725,0.90726752777742,0.180102644167067
bxaic__indole__gcn__seed2026,bxaic,indole,gcn,2026,gradinput,historical_full_partition,0.87,87,0.09809085103202754,0.09856855714906769,1887,0.1,0.0977877037839139,0.886845717303693,0.31902961157020593,0.30732862631320657,,0.8846153846153846,0.90726752777742,0.020421810473727042
bxaic__indole__gcn__seed42,bxaic,indole,gcn,42,atom_occlusion,fresh_full_partition,0.54,54,0.09412361079027748,0.09460341819981781,1887,0.1,0.09275727405803205,0.5561347932755644,0.4998783380518366,0.4704997266994703,0.0,0.5555555555555556,0.90726752777742,0.35113273450185567
bxaic__indole__gcn__seed42,bxaic,indole,gcn,42,saliency,fresh_full_partition,0.86,86,0.09644123761770823,0.09691981747066637,1887,0.1,0.09360846571864441,0.8759106827718605,0.3232374491048879,0.3125549310016814,0.0,0.875,0.90726752777742,0.031356845005559575
bxaic__indole__gcn__seed42,bxaic,indole,gcn,42,ig,historical_full_partition,0.68,68,0.09666634960752611,0.09714481022743889,1887,0.1,0.09511959796204518,0.6955214960377726,0.4027538760795683,0.383703439869766,,0.6944444444444444,0.90726752777742,0.21174603173964746
bxaic__indole__gcn__seed42,bxaic,indole,gcn,42,gradinput,historical_full_partition,0.6900000000000001,69,0.09673927320986148,0.09721769520498517,1887,0.1,0.09216024831211624,0.7066609235190675,0.3997637105943275,0.381720920487301,,0.7058823529411765,0.90726752777742,0.20060660425835253
bxaic__indole__gin__seed123,bxaic,indole,gin,123,atom_occlusion,fresh_full_partition,0.33,33,0.09527038350567764,0.09574958351441513,1887,0.1,0.08987917574815248,0.34400569764086136,0.7918831797012759,0.7157909375473409,0.0,0.34375,0.90726752777742,0.5632618301365586
bxaic__indole__gin__seed123,bxaic,indole,gin,123,saliency,fresh_full_partition,0.55,55,0.09655424655424656,0.09703276655077649,1887,0.1,0.09273047307021319,0.5656559959354353,0.49220181252829237,0.463459531876949,0.0,0.5641025641025641,0.90726752777742,0.3416115318419848
bxaic__indole__gin__seed123,bxaic,indole,gin,123,ig,historical_full_partition,0.55,55,0.09525724819842468,0.09573645516442257,1887,0.1,0.0965217330945539,0.5656559959354353,0.49334135497789355,0.46567065076521585,,0.5641025641025641,0.90726752777742,0.3416115318419848
bxaic__indole__gin__seed123,bxaic,indole,gin,123,gradinput,historical_full_partition,0.93,93,0.08839004917436291,0.08887289342797974,1887,0.1,0.09009857750382928,0.9462280636892683,0.3023874583842541,0.29378866586940994,,0.9444444444444444,0.90726752777742,-0.038960535911848226
bxaic__indole__gin__seed2026,bxaic,indole,gin,2026,atom_occlusion,fresh_full_partition,0.37,37,0.09522818444387073,0.09570740680380638,1887,0.1,0.08926998351064405,0.38566737041785554,0.7131287552685726,0.6518451693270089,0.0,0.38461538461538464,0.90726752777742,0.5216001573595646
bxaic__indole__gin__seed2026,bxaic,indole,gin,2026,saliency,fresh_full_partition,0.63,63,0.09649694943812592,0.09697549978270469,1887,0.1,0.09694676976756025,0.6469652587253985,0.4310165093390433,0.4086132805379978,0.0,0.6451612903225806,0.90726752777742,0.2603022690520216
bxaic__indole__gin__seed2026,bxaic,indole,gin,2026,ig,historical_full_partition,0.66,66,0.0984317650984318,0.09890929064658048,1887,0.1,0.09508876718541043,0.6771674344541085,0.4150012599111202,0.39468202735221625,,0.6764705882352942,0.90726752777742,0.2301000933233115
bxaic__indole__gin__seed2026,bxaic,indole,gin,2026,gradinput,historical_full_partition,0.96,96,0.09640288855975132,0.09688148872471063,1887,0.1,0.0988452823320176,0.9747994993281845,0.29768996914487983,0.29166631002851645,,0.9696969696969697,0.90726752777742,-0.06753197155076451
bxaic__indole__gin__seed42,bxaic,indole,gin,42,atom_occlusion,fresh_full_partition,0.35000000000000003,35,0.09437001103667772,0.09484968793761275,1887,0.1,0.09218199760295051,0.3678004329265347,0.7414573409404199,0.6744300638999857,0.0,0.36585365853658536,0.90726752777742,0.5394670948508853
bxaic__indole__gin__seed42,bxaic,indole,gin,42,saliency,fresh_full_partition,0.56,56,0.09467635055870352,0.09515586520353599,1887,0.1,0.08671667846681384,0.5771687133266271,0.48722820696461744,0.4619173808242386,0.0,0.5757575757575758,0.90726752777742,0.3300988144507929
bxaic__indole__gin__seed42,bxaic,indole,gin,42,ig,historical_full_partition,0.67,67,0.09669420551773497,0.09717265138345828,1887,0.1,0.09801464452249513,0.6886269315023926,0.40922584978992593,0.39055677558899315,,0.6875,0.90726752777742,0.2186405962750274
bxaic__indole__gin__seed42,bxaic,indole,gin,42,gradinput,historical_full_partition,0.93,93,0.09004298416063124,0.09052495291902232,1887,0.1,0.0921752491527803,0.9462280636892683,0.3024850796968595,0.2939082949413037,,0.9444444444444444,0.90726752777742,-0.038960535911848226
bxaic__P__gcn__seed123,bxaic,P,gcn,123,atom_occlusion,fresh_full_partition,0.02,2,0.09194353263652216,0.09332355766291041,657,0.1,0.10976490624748046,0.03654573825758572,0.9612068965517241,0.8514419903042437,0.0,0.03333333333333333,0.9155993798160156,0.8790536415584299
bxaic__P__gcn__seed123,bxaic,P,gcn,123,saliency,fresh_full_partition,0.04,4,0.08401357498859514,0.08540565162235111,657,0.1,0.07099281718957176,0.0560134724761788,0.6812441868476351,0.6434018398774991,0.0,0.05405405405405406,0.9155993798160156,0.8595859073398368
bxaic__P__gcn__seed123,bxaic,P,gcn,123,ig,historical_full_partition,0.02,2,0.09194353263652216,0.09332355766291041,657,0.1,0.10976490624748046,0.03654573825758572,0.9612068965517241,0.8514419903042437,,0.03333333333333333,0.9155993798160156,0.8790536415584299
bxaic__P__gcn__seed123,bxaic,P,gcn,123,gradinput,historical_full_partition,0.02,2,0.09194353263652216,0.09332355766291041,657,0.1,0.10976490624748046,0.03654573825758572,0.9612068965517241,0.8514419903042437,,0.03333333333333333,0.9155993798160156,0.8790536415584299
bxaic__P__gcn__seed2026,bxaic,P,gcn,2026,atom_occlusion,fresh_full_partition,0.02,2,0.09194353263652216,0.09332355766291041,657,0.1,0.10976490624748046,0.03654573825758572,0.9612068965517241,0.8514419903042437,0.0,0.03333333333333333,0.9084086740208712,0.8718629357632856
bxaic__P__gcn__seed2026,bxaic,P,gcn,2026,saliency,fresh_full_partition,0.07,7,0.06874682902080163,0.07016210739614996,657,0.1,0.10280265711300196,0.08760955216113984,0.4377302972420187,0.42875383309314075,0.0,0.0851063829787234,0.9084086740208712,0.8207991218597314
bxaic__P__gcn__seed2026,bxaic,P,gcn,2026,ig,historical_full_partition,0.02,2,0.09194353263652216,0.09332355766291041,657,0.1,0.10976490624748046,0.03654573825758572,0.9612068965517241,0.8514419903042437,,0.03333333333333333,0.9084086740208712,0.8718629357632856
bxaic__P__gcn__seed2026,bxaic,P,gcn,2026,gradinput,historical_full_partition,0.02,2,0.09194353263652216,0.09332355766291041,657,0.1,0.10976490624748046,0.03654573825758572,0.9612068965517241,0.8514419903042437,,0.03333333333333333,0.9084086740208712,0.8718629357632856
bxaic__P__gcn__seed42,bxaic,P,gcn,42,atom_occlusion,fresh_full_partition,0.02,2,0.09194353263652216,0.09332355766291041,657,0.1,0.10976490624748046,0.03654573825758572,0.9612068965517241,0.8514419903042437,0.0,0.03333333333333333,0.9274815943093282,0.8909358560517425
bxaic__P__gcn__seed42,bxaic,P,gcn,42,saliency,fresh_full_partition,0.04,4,0.07424695905759565,0.0756538785727057,657,0.1,0.0858830993212332,0.0560134724761788,0.6676600698152423,0.6300789558649599,0.0,0.05405405405405406,0.9274815943093282,0.8714681218331494
bxaic__P__gcn__seed42,bxaic,P,gcn,42,ig,historical_full_partition,0.02,2,0.09194353263652216,0.09332355766291041,657,0.1,0.10976490624748046,0.03654573825758572,0.9612068965517241,0.8514419903042437,,0.03333333333333333,0.9274815943093282,0.8909358560517425
bxaic__P__gcn__seed42,bxaic,P,gcn,42,gradinput,historical_full_partition,0.02,2,0.09194353263652216,0.09332355766291041,657,0.1,0.10976490624748046,0.03654573825758572,0.9612068965517241,0.8514419903042437,,0.03333333333333333,0.9274815943093282,0.8909358560517425
bxaic__P__gin__seed123,bxaic,P,gin,123,atom_occlusion,fresh_full_partition,0.02,2,0.09194353263652216,0.09332355766291041,657,0.1,0.10976490624748046,0.03654573825758572,0.9612068965517241,0.8514419903042437,0.0,0.03333333333333333,0.9155993798160156,0.8790536415584299
bxaic__P__gin__seed123,bxaic,P,gin,123,saliency,fresh_full_partition,0.04,4,0.09403024527923803,0.09540709900981668,657,0.1,0.10573680883011512,0.0560134724761788,0.6310874470357228,0.5973464584772901,0.0,0.05405405405405406,0.9155993798160156,0.8595859073398368
bxaic__P__gin__seed123,bxaic,P,gin,123,ig,historical_full_partition,0.02,2,0.09346560265174286,0.09484331450181618,657,0.1,0.11289970248572498,0.03654573825758572,0.9580721003134797,0.8483071940659993,,0.03333333333333333,0.9155993798160156,0.8790536415584299
bxaic__P__gin__seed123,bxaic,P,gin,123,gradinput,historical_full_partition,0.02,2,0.09346560265174286,0.09484331450181618,657,0.1,0.11289970248572498,0.03654573825758572,0.9580721003134797,0.8483071940659993,,0.03333333333333333,0.9155993798160156,0.8790536415584299
bxaic__P__gin__seed2026,bxaic,P,gin,2026,atom_occlusion,fresh_full_partition,0.02,2,0.09194353263652216,0.09332355766291041,657,0.1,0.10976490624748046,0.03654573825758572,0.9612068965517241,0.8514419903042437,0.0,0.03333333333333333,0.9084086740208712,0.8718629357632856
bxaic__P__gin__seed2026,bxaic,P,gin,2026,saliency,fresh_full_partition,0.02,2,0.09803181269740495,0.09940258501853351,657,0.1,0.1212591591210437,0.03654573825758572,0.9486677115987461,0.8399477374306805,0.0,0.03333333333333333,0.9084086740208712,0.8718629357632856
bxaic__P__gin__seed2026,bxaic,P,gin,2026,ig,historical_full_partition,0.02,2,0.09194353263652216,0.09332355766291041,657,0.1,0.10976490624748046,0.03654573825758572,0.9612068965517241,0.8514419903042437,,0.03333333333333333,0.9084086740208712,0.8718629357632856
bxaic__P__gin__seed2026,bxaic,P,gin,2026,gradinput,historical_full_partition,0.02,2,0.09194353263652216,0.09332355766291041,657,0.1,0.10976490624748046,0.03654573825758572,0.9612068965517241,0.8514419903042437,,0.03333333333333333,0.9084086740208712,0.8718629357632856
bxaic__P__gin__seed42,bxaic,P,gin,42,atom_occlusion,fresh_full_partition,0.02,2,0.09346560265174286,0.09484331450181618,657,0.1,0.11289970248572498,0.03654573825758572,0.9580721003134797,0.8483071940659993,0.0,0.03333333333333333,0.9274815943093282,0.8909358560517425
bxaic__P__gin__seed42,bxaic,P,gin,42,saliency,fresh_full_partition,0.03,3,0.07038085470801024,0.07179364976164548,657,0.1,0.08514780520358614,0.04553204130131758,0.8057471264367815,0.7434572104703951,0.0,0.043478260869565216,0.9274815943093282,0.8819495530080106
bxaic__P__gin__seed42,bxaic,P,gin,42,ig,historical_full_partition,0.02,2,0.09194353263652216,0.09332355766291041,657,0.1,0.10976490624748046,0.03654573825758572,0.9612068965517241,0.8514419903042437,,0.03333333333333333,0.9274815943093282,0.8909358560517425
bxaic__P__gin__seed42,bxaic,P,gin,42,gradinput,historical_full_partition,0.02,2,0.09346560265174286,0.09484331450181618,657,0.1,0.11289970248572498,0.03654573825758572,0.9580721003134797,0.8483071940659993,,0.03333333333333333,0.9274815943093282,0.8909358560517425
bxaic__PAINS__gcn__seed123,bxaic,PAINS,gcn,123,atom_occlusion,fresh_full_partition,0.81,81,0.09581566773572013,0.0963717466608522,1625,0.1,0.09641597394536594,0.8288222076854092,0.36999860885453434,0.35431531068797456,0.0,0.8260869565217391,0.9091218677307263,0.08029966004531719
bxaic__PAINS__gcn__seed123,bxaic,PAINS,gcn,123,saliency,fresh_full_partition,0.85,85,0.09265046334417612,0.09320848888947508,1625,0.1,0.09168589614165702,0.8667805796968756,0.35490054425170997,0.3404343850352223,0.0,0.8648648648648649,0.9091218677307263,0.04234128803385073
bxaic__PAINS__gcn__seed123,bxaic,PAINS,gcn,123,ig,historical_full_partition,0.86,86,0.09159673083040551,0.09215540442768114,1625,0.1,0.08862644004046176,0.8782821505199192,0.35243900408036327,0.33872561193512424,,0.875,0.9091218677307263,0.030839717210807138
bxaic__PAINS__gcn__seed123,bxaic,PAINS,gcn,123,gradinput,historical_full_partition,0.89,89,0.09582300193169448,0.09637907634625087,1625,0.1,0.09576963674243961,0.9091218677307263,0.3433532474922704,0.33229304622082867,,0.9090909090909091,0.9091218677307263,0.0
bxaic__PAINS__gcn__seed2026,bxaic,PAINS,gcn,2026,atom_occlusion,fresh_full_partition,0.81,81,0.09572506853928621,0.09628120318348127,1625,0.1,0.09861865755539061,0.8288222076854092,0.3686365915415224,0.35266626466664636,0.0,0.8260869565217391,0.9091218677307263,0.08029966004531719
bxaic__PAINS__gcn__seed2026,bxaic,PAINS,gcn,2026,saliency,fresh_full_partition,0.8300000000000001,83,0.09457655760661236,0.09513339859209423,1625,0.1,0.09533576479048052,0.8488238590750994,0.36033195690770564,0.3450966403998563,0.0,0.8484848484848485,0.9091218677307263,0.060298008655626956
bxaic__PAINS__gcn__seed2026,bxaic,PAINS,gcn,2026,ig,historical_full_partition,0.8300000000000001,83,0.09944614842435752,0.09999999458153842,1625,0.1,0.09580133570717822,0.8488238590750994,0.3609632802117175,0.34493710985295656,,0.8484848484848485,0.9091218677307263,0.060298008655626956
bxaic__PAINS__gcn__seed2026,bxaic,PAINS,gcn,2026,gradinput,historical_full_partition,0.88,88,0.0982548865862512,0.0988094653767888,1625,0.1,0.09842741786539667,0.8975096610559893,0.34385010729944726,0.3312258666054371,,0.896551724137931,0.9091218677307263,0.011612206674737058
bxaic__PAINS__gcn__seed42,bxaic,PAINS,gcn,42,atom_occlusion,fresh_full_partition,0.79,79,0.09712511682966554,0.09768039043555155,1625,0.1,0.09816344683692313,0.8085992408466761,0.3778026367103881,0.3608810106723536,0.0,0.8076923076923077,0.8975096610559893,0.08891042020931317
bxaic__PAINS__gcn__seed42,bxaic,PAINS,gcn,42,saliency,fresh_full_partition,0.8200000000000001,82,0.09738632510618699,0.09794143806737649,1625,0.1,0.09383942973236858,0.8380970842735954,0.3650826927366627,0.34935923398235064,0.0,0.8365491651205936,0.8975096610559893,0.05941257678239387
bxaic__PAINS__gcn__seed42,bxaic,PAINS,gcn,42,ig,historical_full_partition,0.89,89,0.09517446042530586,0.09573093369687746,1625,0.1,0.09730453274525726,0.9091218677307263,0.34111928160404065,0.328711801357458,,0.9090909090909091,0.8975096610559893,-0.011612206674737058
bxaic__PAINS__gcn__seed42,bxaic,PAINS,gcn,42,gradinput,historical_full_partition,0.89,89,0.09819706622309624,0.0987516805735128,1625,0.1,0.09931977594233815,0.9091218677307263,0.33991158941548744,0.3281042733649751,,0.9090909090909091,0.8975096610559893,-0.011612206674737058
bxaic__PAINS__gin__seed123,bxaic,PAINS,gin,123,atom_occlusion,fresh_full_partition,0.63,63,0.0968861278992501,0.09744154848479802,1625,0.1,0.09826832938090312,0.6490092369616369,0.46562267492689274,0.4401962323501076,0.0,0.6470588235294118,0.9091218677307263,0.2601126307690894
bxaic__PAINS__gin__seed123,bxaic,PAINS,gin,123,saliency,fresh_full_partition,0.7000000000000001,70,0.09549336919420273,0.0960496463349199,1625,0.1,0.09426568502779352,0.719791635379394,0.4240285325484213,0.4024290984592657,0.0,0.71875,0.9091218677307263,0.1893302323513324
bxaic__PAINS__gin__seed123,bxaic,PAINS,gin,123,ig,historical_full_partition,0.8,80,0.09664695677779744,0.09720252445505605,1625,0.1,0.09777046625151047,0.8149319138164086,0.37331516964207756,0.3556918886306996,,0.813953488372093,0.9091218677307263,0.09418995391431773
bxaic__PAINS__gin__seed123,bxaic,PAINS,gin,123,gradinput,historical_full_partition,0.9400000000000001,94,0.08476960150889659,0.08533247383269196,1625,0.1,0.08501788191653958,0.9576176765857717,0.33552408255820115,0.3286465148796221,,0.9583333333333334,0.9091218677307263,-0.04849580885504534
bxaic__PAINS__gin__seed2026,bxaic,PAINS,gin,2026,atom_occlusion,fresh_full_partition,0.64,64,0.09727177804862967,0.09782696145696404,1625,0.1,0.09889701263593237,0.6571995997874068,0.4622232640806184,0.4371383192481264,0.0,0.6551724137931034,0.9091218677307263,0.2519222679433195
bxaic__PAINS__gin__seed2026,bxaic,PAINS,gin,2026,saliency,fresh_full_partition,0.72,72,0.0963260695273079,0.09688183455219906,1625,0.1,0.09334704261796306,0.7376837897989358,0.4148577902265399,0.3946438548160184,0.0,0.7368421052631579,0.9091218677307263,0.17143807793179056
bxaic__PAINS__gin__seed2026,bxaic,PAINS,gin,2026,ig,historical_full_partition,0.74,74,0.09810556224754842,0.09866023287347271,1625,0.1,0.09635292897676799,0.75809815428355,0.40198990142485685,0.38134996007020266,,0.7575757575757576,0.9091218677307263,0.15102371344717636
bxaic__PAINS__gin__seed2026,bxaic,PAINS,gin,2026,gradinput,historical_full_partition,0.9400000000000001,94,0.09200627964909937,0.0925647013713324,1625,0.1,0.08382610151860423,0.9576176765857717,0.33517638115298576,0.3282285973504502,,0.9583333333333334,0.9091218677307263,-0.04849580885504534
bxaic__PAINS__gin__seed42,bxaic,PAINS,gin,42,atom_occlusion,fresh_full_partition,0.56,56,0.09682674467709002,0.09738220178368487,1625,0.1,0.0987371107451727,0.5790848800081847,0.5229918895075018,0.4919348648631827,0.0,0.5769230769230769,0.8975096610559893,0.3184247810478046
bxaic__PAINS__gin__seed42,bxaic,PAINS,gin,42,saliency,fresh_full_partition,0.66,66,0.09798423713744028,0.09853898237905338,1625,0.1,0.09813684255239954,0.678699067501743,0.4473911315591695,0.42327783931047896,0.0,0.6785714285714286,0.8975096610559893,0.21881059355424626
bxaic__PAINS__gin__seed42,bxaic,PAINS,gin,42,ig,historical_full_partition,0.84,84,0.09750385411471385,0.09805889479484045,1625,0.1,0.10021768040983,0.8573713715364746,0.3568805125034744,0.34109078343254084,,0.8571428571428571,0.8975096610559893,0.0401382895195147
bxaic__PAINS__gin__seed42,bxaic,PAINS,gin,42,gradinput,historical_full_partition,0.93,93,0.09886548463047631,0.09941968789946137,1625,0.1,0.09759007639426302,0.9485539954456151,0.3323817028493914,0.3235254959569587,,0.9473684210526315,0.8975096610559893,-0.051044334389625856
bxaic__rings-count__gcn__seed123,bxaic,rings-count,gcn,123,atom_occlusion,fresh_full_partition,0.88,88,0.09628083427265718,0.0964639216238981,4935,0.1,0.09510421439254145,0.8966978540680908,0.6502051168234664,0.6128367639091384,0.0,0.8958333333333334,0.9084471118578897,0.011749257789798961
bxaic__rings-count__gcn__seed123,bxaic,rings-count,gcn,123,saliency,fresh_full_partition,0.88,88,0.09306175300268146,0.09324549251787477,4935,0.1,0.09276062540390526,0.8966978540680908,0.6488718550091636,0.608305949602304,0.0,0.8958333333333334,0.9084471118578897,0.011749257789798961
bxaic__rings-count__gcn__seed123,bxaic,rings-count,gcn,123,ig,historical_full_partition,0.86,86,0.09753983832064626,0.09772267060623746,4935,0.1,0.09718923829231109,0.8772717462941478,0.6593838241892481,0.6160138859771437,,0.875,0.9084471118578897,0.031175365563741897
bxaic__rings-count__gcn__seed123,bxaic,rings-count,gcn,123,gradinput,historical_full_partition,0.88,88,0.09277373572114307,0.09295753358667729,4935,0.1,0.0927757386435866,0.8966978540680908,0.6495155359045426,0.6101146792817989,,0.8958333333333334,0.9084471118578897,0.011749257789798961
bxaic__rings-count__gcn__seed2026,bxaic,rings-count,gcn,2026,atom_occlusion,fresh_full_partition,0.89,89,0.09290752934543953,0.09309130010529598,4935,0.1,0.09478778124365846,0.9084471118578897,0.6438872881945162,0.6089854470829023,0.0,0.90625,0.9084471118578897,0.0
bxaic__rings-count__gcn__seed2026,bxaic,rings-count,gcn,2026,saliency,fresh_full_partition,0.78,78,0.09361305896948331,0.09379668679384075,4935,0.1,0.09391372970016353,0.7971579104548313,0.7238202563559234,0.6698657680572696,0.0,0.7948717948717948,0.9084471118578897,0.11128920140305842
bxaic__rings-count__gcn__seed2026,bxaic,rings-count,gcn,2026,ig,historical_full_partition,0.89,89,0.09028294668265748,0.09046724916509523,4935,0.1,0.09230346340263443,0.9084471118578897,0.6408107614211386,0.6014790294993325,,0.90625,0.9084471118578897,0.0
bxaic__rings-count__gcn__seed2026,bxaic,rings-count,gcn,2026,gradinput,historical_full_partition,0.91,91,0.08374471776701231,0.08393034485012184,4935,0.1,0.08525569381922454,0.9282105650069855,0.6334656451120676,0.5991413669066097,,0.9259259259259259,0.9084471118578897,-0.019763453149095778
bxaic__rings-count__gcn__seed42,bxaic,rings-count,gcn,42,atom_occlusion,fresh_full_partition,0.89,89,0.09123807604850162,0.09142218502823188,4935,0.1,0.09264885879033927,0.9084471118578897,0.64489595249647,0.6104671714681521,0.0,0.90625,0.9084471118578897,0.0
bxaic__rings-count__gcn__seed42,bxaic,rings-count,gcn,42,saliency,fresh_full_partition,0.89,89,0.09414786784732414,0.0943313873230433,4935,0.1,0.09360422989406803,0.9084471118578897,0.6430951001210022,0.606125837835928,0.0,0.90625,0.9084471118578897,0.0
bxaic__rings-count__gcn__seed42,bxaic,rings-count,gcn,42,ig,historical_full_partition,0.89,89,0.09883793134224052,0.09902050064302101,4935,0.1,0.09968211792662801,0.9084471118578897,0.6361404579511645,0.5943229360448445,,0.90625,0.9084471118578897,0.0
bxaic__rings-count__gcn__seed42,bxaic,rings-count,gcn,42,gradinput,historical_full_partition,0.89,89,0.09540082991941964,0.09558409555355152,4935,0.1,0.09285890864191253,0.9084471118578897,0.64073363042045,0.6013627524947756,,0.90625,0.9084471118578897,0.0
bxaic__rings-count__gin__seed123,bxaic,rings-count,gin,123,atom_occlusion,fresh_full_partition,0.89,89,0.0985922800511564,0.09877489911921702,4935,0.1,0.09834229797746592,0.9084471118578897,0.6412501510857193,0.6058326088830237,0.0,0.90625,0.9084471118578897,0.0
bxaic__rings-count__gin__seed123,bxaic,rings-count,gin,123,saliency,fresh_full_partition,0.78,78,0.09570694036085431,0.09589014397909551,4935,0.1,0.0966297224757437,0.7971579104548313,0.7229112328121292,0.6700299222644067,0.0,0.7948717948717948,0.9084471118578897,0.11128920140305842
bxaic__rings-count__gin__seed123,bxaic,rings-count,gin,123,ig,historical_full_partition,0.89,89,0.09174051466898456,0.09192452185807035,4935,0.1,0.09182831535277988,0.9084471118578897,0.6457072121745934,0.6123853625155222,,0.90625,0.9084471118578897,0.0
bxaic__rings-count__gin__seed123,bxaic,rings-count,gin,123,gradinput,historical_full_partition,0.89,89,0.09734269733301262,0.09752556955802547,4935,0.1,0.09613320832657868,0.9084471118578897,0.6404115441928311,0.6025083358481167,,0.90625,0.9084471118578897,0.0
bxaic__rings-count__gin__seed2026,bxaic,rings-count,gin,2026,atom_occlusion,fresh_full_partition,0.9,90,0.09392606936607788,0.0941096337766596,4935,0.1,0.09423526416947847,0.915205996412866,0.640348638629809,0.6073742703507443,0.0,0.9130434782608695,0.9084471118578897,-0.006758884554976308
bxaic__rings-count__gin__seed2026,bxaic,rings-count,gin,2026,saliency,fresh_full_partition,0.74,74,0.09233725517164414,0.09252114146516639,4935,0.1,0.09150020516795018,0.7572472903866748,0.7604072848988048,0.6997501084634828,0.0,0.7560975609756098,0.9084471118578897,0.1511998214712149
bxaic__rings-count__gin__seed2026,bxaic,rings-count,gin,2026,ig,historical_full_partition,0.9,90,0.09236527290923942,0.09254915352655857,4935,0.1,0.09342659689856886,0.915205996412866,0.6400567764970337,0.6063204895471188,,0.9130434782608695,0.9084471118578897,-0.006758884554976308
bxaic__rings-count__gin__seed2026,bxaic,rings-count,gin,2026,gradinput,historical_full_partition,0.9,90,0.09213522146818257,0.0923191486923578,4935,0.1,0.09149951973345447,0.915205996412866,0.6410228185337978,0.6073130659055345,,0.9130434782608695,0.9084471118578897,-0.006758884554976308
bxaic__rings-count__gin__seed42,bxaic,rings-count,gin,42,atom_occlusion,fresh_full_partition,0.89,89,0.09887860117489881,0.09906116223624875,4935,0.1,0.09949255040070307,0.9084471118578897,0.6413402247419863,0.6061524343691145,0.0,0.90625,0.9084471118578897,0.0
bxaic__rings-count__gin__seed42,bxaic,rings-count,gin,42,saliency,fresh_full_partition,0.81,81,0.09212312468857485,0.09230705436347533,4935,0.1,0.09304498927361156,0.8282350484191051,0.6992800732741559,0.6521467415912516,0.0,0.8260869565217391,0.9084471118578897,0.08021206343878462
bxaic__rings-count__gin__seed42,bxaic,rings-count,gin,42,ig,historical_full_partition,0.9,90,0.093146997977516,0.0933307202226578,4935,0.1,0.0941799224407364,0.915205996412866,0.6406271058561605,0.6078680865814945,,0.9130434782608695,0.9084471118578897,-0.006758884554976308
bxaic__rings-count__gin__seed42,bxaic,rings-count,gin,42,gradinput,historical_full_partition,0.89,89,0.09477330978662152,0.09495670255206107,4935,0.1,0.09460945557820033,0.9084471118578897,0.641086522072392,0.6031558145495367,,0.90625,0.9084471118578897,0.0
bxaic__rings-max__gcn__seed123,bxaic,rings-max,gcn,123,atom_occlusion,fresh_full_partition,0.77,77,0.09279617276053274,0.09584048090563156,297,0.1,0.07670093281679717,0.7824028583906255,0.3153817441615489,0.3070609206350301,0.0,0.7802197802197802,0.9026685530504263,0.12026569465980075
bxaic__rings-max__gcn__seed123,bxaic,rings-max,gcn,123,saliency,fresh_full_partition,0.85,85,0.09026771593045214,0.09332050883001435,297,0.1,0.10220896569957588,0.8615419215079448,0.28045755929513433,0.2726413752230453,0.0,0.859375,0.9026685530504263,0.04112663154248142
bxaic__rings-max__gcn__seed123,bxaic,rings-max,gcn,123,ig,historical_full_partition,0.91,91,0.08600371807407557,0.08907081969127659,297,0.1,0.0910966984479162,0.9234847698070429,0.26575217267254664,0.25907776115274855,,0.92,0.9026685530504263,-0.0208162167566166
bxaic__rings-max__gcn__seed123,bxaic,rings-max,gcn,123,gradinput,historical_full_partition,0.9,90,0.08739000798829995,0.09045245762592304,297,0.1,0.08851722172782082,0.9101407650316404,0.2702047616046774,0.2635047603689398,,0.9078947368421053,0.9026685530504263,-0.007472211981214172
bxaic__rings-max__gcn__seed2026,bxaic,rings-max,gcn,2026,atom_occlusion,fresh_full_partition,0.81,81,0.09125954485559343,0.09430900947017189,297,0.1,0.07134137813293359,0.8221096957600588,0.3030819192344297,0.2962613395149665,0.0,0.8181818181818182,0.9101407650316404,0.08803106927158166
bxaic__rings-max__gcn__seed2026,bxaic,rings-max,gcn,2026,saliency,fresh_full_partition,0.9,90,0.09011255705475664,0.09316587062168691,297,0.1,0.09430537927585574,0.9101407650316404,0.2684631954503401,0.2616694981832107,0.0,0.9078947368421053,0.9101407650316404,0.0
bxaic__rings-max__gcn__seed2026,bxaic,rings-max,gcn,2026,ig,historical_full_partition,0.87,87,0.08516120106878532,0.08823112992425913,297,0.1,0.08378128936502155,0.8831394062523965,0.27822247864586647,0.2709427678530432,,0.88,0.9101407650316404,0.027001358779243922
bxaic__rings-max__gcn__seed2026,bxaic,rings-max,gcn,2026,gradinput,historical_full_partition,0.9,90,0.0932351576019606,0.09627799264356472,297,0.1,0.08896052427544164,0.9101407650316404,0.26910925086354276,0.26190827841607967,,0.9078947368421053,0.9101407650316404,0.0
bxaic__rings-max__gcn__seed42,bxaic,rings-max,gcn,42,atom_occlusion,fresh_full_partition,0.77,77,0.09504612413241603,0.09808288210512596,297,0.1,0.07992616778120921,0.7824028583906255,0.3144729226208186,0.3057347253486652,0.0,0.7802197802197802,0.9101407650316404,0.12773790664101492
bxaic__rings-max__gcn__seed42,bxaic,rings-max,gcn,42,saliency,fresh_full_partition,0.91,91,0.09498610234244334,0.0980230617305558,297,0.1,0.10284630376712497,0.9234847698070429,0.26488790593580186,0.2589088643645601,0.0,0.92,0.9101407650316404,-0.01334400477540243
bxaic__rings-max__gcn__seed42,bxaic,rings-max,gcn,42,ig,historical_full_partition,0.92,92,0.08798256025292031,0.09104302146012522,297,0.1,0.08749858457981446,0.93310042311993,0.2637204207080502,0.2573218213892817,,0.9310344827586207,0.9101407650316404,-0.022959658088289592
bxaic__rings-max__gcn__seed42,bxaic,rings-max,gcn,42,gradinput,historical_full_partition,0.9,90,0.09572164548907525,0.09875613661159513,297,0.1,0.0948870730361377,0.9101407650316404,0.26774956608323097,0.26030018720478626,,0.9078947368421053,0.9101407650316404,0.0
bxaic__rings-max__gin__seed123,bxaic,rings-max,gin,123,atom_occlusion,fresh_full_partition,0.74,74,0.09378502495765331,0.09682601480678865,297,0.1,0.08983342550160311,0.7529948994520316,0.32545720594707883,0.3160996861776157,0.0,0.75,0.9026685530504263,0.14967365359839468
bxaic__rings-max__gin__seed123,bxaic,rings-max,gin,123,saliency,fresh_full_partition,0.75,75,0.09264081590787132,0.09568564538469049,297,0.1,0.09760449027802515,0.7587833363641836,0.3196649749799714,0.3098137683911686,0.0,0.7567567567567568,0.9026685530504263,0.14388521668624266
bxaic__rings-max__gin__seed123,bxaic,rings-max,gin,123,ig,historical_full_partition,0.93,93,0.09406703643441687,0.09710707993631473,297,0.1,0.09765892384730589,0.9416332553306369,0.25876220343626416,0.2517864121655203,,0.9393939393939394,0.9026685530504263,-0.03896470228021065
bxaic__rings-max__gin__seed123,bxaic,rings-max,gin,123,gradinput,historical_full_partition,0.91,91,0.0883507736978437,0.09140999928946165,297,0.1,0.09717035565724894,0.9234847698070429,0.26294376819634163,0.25580720038501426,,0.92,0.9026685530504263,-0.0208162167566166
bxaic__rings-max__gin__seed2026,bxaic,rings-max,gin,2026,atom_occlusion,fresh_full_partition,0.85,85,0.09473182123152056,0.0977696339119516,297,0.1,0.0839681602187993,0.8615419215079448,0.28567744898902026,0.2787015016578752,0.0,0.859375,0.9101407650316404,0.04859884352369559
bxaic__rings-max__gin__seed2026,bxaic,rings-max,gin,2026,saliency,fresh_full_partition,0.73,73,0.09569461162074452,0.0987291934609433,297,0.1,0.09672806302240773,0.7431959531128984,0.32682344320885454,0.3163422673705789,0.0,0.74,0.9101407650316404,0.166944811918742
bxaic__rings-max__gin__seed2026,bxaic,rings-max,gin,2026,ig,historical_full_partition,0.91,91,0.09215052845726243,0.09519700319398293,297,0.1,0.08851679679242744,0.9234847698070429,0.2658443098954486,0.2592408555449086,,0.92,0.9101407650316404,-0.01334400477540243
bxaic__rings-max__gin__seed2026,bxaic,rings-max,gin,2026,gradinput,historical_full_partition,0.92,92,0.09364567077907474,0.09668712825968183,297,0.1,0.08833164236156171,0.93310042311993,0.2640773686291316,0.25793045858905134,,0.9310344827586207,0.9101407650316404,-0.022959658088289592
bxaic__rings-max__gin__seed42,bxaic,rings-max,gin,42,atom_occlusion,fresh_full_partition,0.79,79,0.09263942067312629,0.09568425483194125,297,0.1,0.08093886247792106,0.8031415724851435,0.30590757551219294,0.29705918388556335,0.0,0.8,0.9101407650316404,0.10699919254649692
bxaic__rings-max__gin__seed42,bxaic,rings-max,gin,42,saliency,fresh_full_partition,0.76,76,0.09090417052850588,0.09395482767438335,297,0.1,0.09798599377625543,0.7722412088975928,0.31397365403743166,0.30390867724865056,0.0,0.7692307692307693,0.9101407650316404,0.13789955613404759
bxaic__rings-max__gin__seed42,bxaic,rings-max,gin,42,ig,historical_full_partition,0.93,93,0.09660650403414635,0.09963802583268941,297,0.1,0.09994925441187473,0.9416332553306369,0.25733658573042917,0.25005050490361563,,0.9393939393939394,0.9101407650316404,-0.03149249029899648
bxaic__rings-max__gin__seed42,bxaic,rings-max,gin,42,gradinput,historical_full_partition,0.9400000000000001,94,0.09304921093157313,0.09609266995529259,297,0.1,0.08241617074873374,0.9522828292781326,0.260999538210218,0.25546698197411916,,0.95,0.9101407650316404,-0.04214206424649214
bxaic__X__gcn__seed123,bxaic,X,gcn,123,atom_occlusion,fresh_full_partition,0.05,5,0.09172323294971631,0.09205172364304394,2764,0.1,0.09216811222480963,0.06814793693938972,0.7275108622380061,0.6353427500131965,0.0,0.06666666666666667,0.9087783882831856,0.8406304513437959
bxaic__X__gcn__seed123,bxaic,X,gcn,123,saliency,fresh_full_partition,0.16,16,0.08586618197689111,0.08619679095266802,2764,0.1,0.08680351658735784,0.1763927049093853,0.2814198429456427,0.27201280970799285,0.0,0.175,0.9087783882831856,0.7323856833738003
bxaic__X__gcn__seed123,bxaic,X,gcn,123,ig,historical_full_partition,0.05,5,0.09172323294971631,0.09205172364304394,2764,0.1,0.09216811222480963,0.06814793693938972,0.7275108622380061,0.6353427500131965,,0.06666666666666667,0.9087783882831856,0.8406304513437959
bxaic__X__gcn__seed123,bxaic,X,gcn,123,gradinput,historical_full_partition,0.05,5,0.09172323294971631,0.09205172364304394,2764,0.1,0.09216811222480963,0.06814793693938972,0.7275108622380061,0.6353427500131965,,0.06666666666666667,0.9087783882831856,0.8406304513437959
bxaic__X__gcn__seed2026,bxaic,X,gcn,2026,atom_occlusion,fresh_full_partition,0.05,5,0.09172323294971631,0.09205172364304394,2764,0.1,0.09216811222480963,0.06814793693938972,0.7275108622380061,0.6353427500131965,0.0,0.06666666666666667,0.9087783882831856,0.8406304513437959
bxaic__X__gcn__seed2026,bxaic,X,gcn,2026,saliency,fresh_full_partition,0.17,17,0.09117996692164565,0.09150865409454922,2764,0.1,0.09024163882420438,0.18752752031717143,0.2644504833230043,0.2558375748518393,0.0,0.18604651162790697,0.9087783882831856,0.7212508679660141
bxaic__X__gcn__seed2026,bxaic,X,gcn,2026,ig,historical_full_partition,0.05,5,0.09172323294971631,0.09205172364304394,2764,0.1,0.09216811222480963,0.06814793693938972,0.7275108622380061,0.6353427500131965,,0.06666666666666667,0.9087783882831856,0.8406304513437959
bxaic__X__gcn__seed2026,bxaic,X,gcn,2026,gradinput,historical_full_partition,0.05,5,0.09172323294971631,0.09205172364304394,2764,0.1,0.09216811222480963,0.06814793693938972,0.7275108622380061,0.6353427500131965,,0.06666666666666667,0.9087783882831856,0.8406304513437959
bxaic__X__gcn__seed42,bxaic,X,gcn,42,atom_occlusion,fresh_full_partition,0.05,5,0.09172323294971631,0.09205172364304394,2764,0.1,0.09216811222480963,0.06814793693938972,0.7275108622380061,0.6353427500131965,0.0,0.06666666666666667,0.9087783882831856,0.8406304513437959
bxaic__X__gcn__seed42,bxaic,X,gcn,42,saliency,fresh_full_partition,0.19,19,0.09572694852181104,0.09605399121673987,2764,0.1,0.09411342850393169,0.2072333673447332,0.23702807945126333,0.23034428761509732,0.0,0.20588235294117646,0.9087783882831856,0.7015450209384524
bxaic__X__gcn__seed42,bxaic,X,gcn,42,ig,historical_full_partition,0.05,5,0.09172323294971631,0.09205172364304394,2764,0.1,0.09216811222480963,0.06814793693938972,0.7275108622380061,0.6353427500131965,,0.06666666666666667,0.9087783882831856,0.8406304513437959
bxaic__X__gcn__seed42,bxaic,X,gcn,42,gradinput,historical_full_partition,0.05,5,0.09172323294971631,0.09205172364304394,2764,0.1,0.09216811222480963,0.06814793693938972,0.7275108622380061,0.6353427500131965,,0.06666666666666667,0.9087783882831856,0.8406304513437959
bxaic__X__gin__seed123,bxaic,X,gin,123,atom_occlusion,fresh_full_partition,0.05,5,0.09172323294971631,0.09205172364304394,2764,0.1,0.09219764210905247,0.06814793693938972,0.7271565036270918,0.6353132201289536,0.0,0.06666666666666667,0.9087783882831856,0.8406304513437959
bxaic__X__gin__seed123,bxaic,X,gin,123,saliency,fresh_full_partition,0.24,24,0.0963264936944387,0.09665331955567033,2764,0.1,0.08863394755492558,0.256486808046772,0.19608910479005706,0.19162249887058086,0.0,0.2558139534883721,0.9087783882831856,0.6522915802364135
bxaic__X__gin__seed123,bxaic,X,gin,123,ig,historical_full_partition,0.05,5,0.09172323294971631,0.09205172364304394,2764,0.1,0.09216811222480963,0.06814793693938972,0.7275108622380061,0.6353427500131965,,0.06666666666666667,0.9087783882831856,0.8406304513437959
bxaic__X__gin__seed123,bxaic,X,gin,123,gradinput,historical_full_partition,0.06,6,0.0807543989617072,0.0810868566836019,2764,0.1,0.08008940524000766,0.07771608055437464,0.6541456569849553,0.5871527554066532,,0.07692307692307693,0.9087783882831856,0.831062307728811
bxaic__X__gin__seed2026,bxaic,X,gin,2026,atom_occlusion,fresh_full_partition,0.05,5,0.0920919187742632,0.0924202761273288,2764,0.1,0.09237482141450959,0.06814793693938972,0.7268021450161776,0.6351360408234965,0.0,0.06666666666666667,0.9087783882831856,0.8406304513437959
bxaic__X__gin__seed2026,bxaic,X,gin,2026,saliency,fresh_full_partition,0.24,24,0.09492166861920842,0.09524900255460839,2764,0.1,0.08848123586784112,0.256486808046772,0.19770247684992096,0.1930586188573741,0.0,0.2558139534883721,0.9087783882831856,0.6522915802364135
bxaic__X__gin__seed2026,bxaic,X,gin,2026,ig,historical_full_partition,0.05,5,0.09202472836698597,0.09235311002037969,2764,0.1,0.09234529153026674,0.06814793693938972,0.7271565036270918,0.6351655707077394,,0.06666666666666667,0.9087783882831856,0.8406304513437959
bxaic__X__gin__seed2026,bxaic,X,gin,2026,gradinput,historical_full_partition,0.05,5,0.09611975397973951,0.09644665461121169,2764,0.1,0.09814833563947668,0.06814793693938972,0.7163485659942074,0.629389103494348,,0.06666666666666667,0.9087783882831856,0.8406304513437959
bxaic__X__gin__seed42,bxaic,X,gin,42,atom_occlusion,fresh_full_partition,0.05,5,0.09172323294971631,0.09205172364304394,2764,0.1,0.09216811222480963,0.06814793693938972,0.7275108622380061,0.6353427500131965,0.0,0.06666666666666667,0.9087783882831856,0.8406304513437959
bxaic__X__gin__seed42,bxaic,X,gin,42,saliency,fresh_full_partition,0.26,26,0.09287408402820849,0.09320215850053101,2764,0.1,0.08428841416084507,0.27838670117301995,0.1830133350412556,0.1794454573326975,0.0,0.2777777777777778,0.9087783882831856,0.6303916871101656
bxaic__X__gin__seed42,bxaic,X,gin,42,ig,historical_full_partition,0.05,5,0.09172323294971631,0.09205172364304394,2764,0.1,0.09216811222480963,0.06814793693938972,0.7275108622380061,0.6353427500131965,,0.06666666666666667,0.9087783882831856,0.8406304513437959
bxaic__X__gin__seed42,bxaic,X,gin,42,gradinput,historical_full_partition,0.05,5,0.09182014219098157,0.09214859783575899,2764,0.1,0.09245497395745447,0.06814793693938972,0.7264477864052633,0.6350093219246302,,0.06666666666666667,0.9087783882831856,0.8406304513437959
google__benzene__gcn__seed123,google,benzene,gcn,123,atom_occlusion,fresh_full_partition,0.45,45,0.09767500000000001,0.09857642357642357,1000,0.1,0.10725348364237253,0.47063527841021446,0.6781817892929004,0.6131614068447573,0.0,0.47619047619047616,0.9031661198214196,0.4325308414112051
google__benzene__gcn__seed123,google,benzene,gcn,123,saliency,fresh_full_partition,0.46,46,0.09004999999999999,0.09095904095904096,1000,0.1,0.09465854743632521,0.48811336255496535,0.6692262970040748,0.6137120917134677,0.0,0.48,0.9031661198214196,0.41505275726645424
google__benzene__gcn__seed123,google,benzene,gcn,123,ig,historical_full_partition,0.55,55,0.09444305555555556,0.09534770784770781,1000,0.1,0.0948621240287907,0.5716810705784846,0.5779763890875002,0.5389114533593379,,0.5652173913043478,0.9031661198214196,0.331485049242935
google__benzene__gcn__seed123,google,benzene,gcn,123,gradinput,historical_full_partition,0.45,45,0.09783333333333334,0.0987345987345988,1000,0.1,0.1100648267314934,0.47063527841021446,0.6792763542763541,0.6139630635459669,,0.47619047619047616,0.9031661198214196,0.4325308414112051
google__benzene__gcn__seed2026,google,benzene,gcn,2026,atom_occlusion,fresh_full_partition,0.45,45,0.09194027777777777,0.09284743034743033,1000,0.1,0.10389178861401084,0.47063527841021446,0.68166987333654,0.6173425984399497,0.0,0.47619047619047616,0.9031661198214196,0.4325308414112051
google__benzene__gcn__seed2026,google,benzene,gcn,2026,saliency,fresh_full_partition,0.46,46,0.09004583333333334,0.09095487845487851,1000,0.1,0.10119703036369702,0.48811336255496535,0.6654368654368653,0.6083670891462428,0.0,0.48,0.9031661198214196,0.41505275726645424
google__benzene__gcn__seed2026,google,benzene,gcn,2026,ig,historical_full_partition,0.51,51,0.0978736111111111,0.09877483627483638,1000,0.1,0.10471900471900474,0.5344928656068183,0.6075252158585491,0.5609350794378314,,0.5294117647058824,0.9031661198214196,0.3686732542146013
google__benzene__gcn__seed2026,google,benzene,gcn,2026,gradinput,historical_full_partition,0.49,49,0.09853055555555555,0.0994311244311245,1000,0.1,0.1034220728665173,0.5119776375360348,0.6314577286799509,0.5790425040726038,,0.52,0.9031661198214196,0.39118848228538483
google__benzene__gcn__seed42,google,benzene,gcn,42,atom_occlusion,fresh_full_partition,0.43,43,0.09455555555555555,0.09546009546009555,1000,0.1,0.10448186281519614,0.451984066812143,0.7060484727151393,0.635430366334219,0.0,0.45,0.9031661198214196,0.4511820530092766
google__benzene__gcn__seed42,google,benzene,gcn,42,saliency,fresh_full_partition,0.41000000000000003,41,0.09894305555555556,0.09984321234321232,1000,0.1,0.10902191874414095,0.4356484034176561,0.730872647539314,0.6536376755847,0.0,0.4375,0.9031661198214196,0.4675177164037635
google__benzene__gcn__seed42,google,benzene,gcn,42,ig,historical_full_partition,0.47000000000000003,47,0.09881527777777778,0.09971556221556228,1000,0.1,0.10280220696887363,0.48970983081810027,0.6599771488660378,0.6037253316450083,,0.48,0.9031661198214196,0.4134562890033193
google__benzene__gcn__seed42,google,benzene,gcn,42,gradinput,historical_full_partition,0.48,48,0.09243333333333333,0.0933399933399934,1000,0.1,0.10053188108743663,0.5040497096081068,0.6459440320551432,0.5915181873730206,,0.5,0.9031661198214196,0.3991164102133128
google__benzene__gin__seed123,google,benzene,gin,123,atom_occlusion,fresh_full_partition,0.38,38,0.09522361111111109,0.09612748362748373,1000,0.1,0.10268184851518185,0.40338806154378765,0.7863609641387419,0.6968799356871253,0.0,0.4,0.9031661198214196,0.49977805827763194
google__benzene__gin__seed123,google,benzene,gin,123,saliency,fresh_full_partition,0.44,44,0.0949625,0.0958666333666334,1000,0.1,0.10091877591877592,0.45992679214617266,0.6988109321442654,0.6316989645679015,0.0,0.4583333333333333,0.9031661198214196,0.44323932767524693
google__benzene__gin__seed123,google,benzene,gin,123,ig,historical_full_partition,0.51,51,0.0943625,0.09526723276723278,1000,0.1,0.10026653637764749,0.5344928656068183,0.6092161703272814,0.5605841587523734,,0.5294117647058824,0.9031661198214196,0.3686732542146013
google__benzene__gin__seed123,google,benzene,gin,123,gradinput,historical_full_partition,0.9400000000000001,94,0.0978111111111111,0.09871239871239884,1000,0.1,0.09441922080810969,0.9575645508922009,0.3556615195535867,0.34419030361867,,0.9565217391304348,0.9031661198214196,-0.05439843107078135
google__benzene__gin__seed2026,google,benzene,gin,2026,atom_occlusion,fresh_full_partition,0.46,46,0.09721944444444443,0.09812132312132318,1000,0.1,0.10547213880547213,0.48811336255496535,0.6550172105727661,0.5962660861826669,0.0,0.48,0.9031661198214196,0.41505275726645424
google__benzene__gin__seed2026,google,benzene,gin,2026,saliency,fresh_full_partition,0.61,61,0.09044999999999999,0.09135864135864143,1000,0.1,0.09378684239795351,0.6361218790829477,0.5208344958344959,0.48986432490268805,0.0,0.6363636363636364,0.9031661198214196,0.2670442407384719
google__benzene__gin__seed2026,google,benzene,gin,2026,ig,historical_full_partition,0.79,79,0.09102916666666667,0.09193722943722957,1000,0.1,0.09405278294167183,0.8109944835861289,0.41089937410026844,0.39063164150296403,,0.8095238095238095,0.9031661198214196,0.09217163623529068
google__benzene__gin__seed2026,google,benzene,gin,2026,gradinput,historical_full_partition,0.81,81,0.08806805555555557,0.08897907647907646,1000,0.1,0.08559213975880642,0.8355199614449401,0.4047899542223587,0.38868904505333063,,0.8333333333333334,0.9031661198214196,0.06764615837647947
google__benzene__gin__seed42,google,benzene,gin,42,atom_occlusion,fresh_full_partition,0.41000000000000003,41,0.09472222222222221,0.09562659562659566,1000,0.1,0.10523201773201774,0.4356484034176561,0.7273319134430246,0.6503162354813541,0.0,0.4375,0.9031661198214196,0.4675177164037635
google__benzene__gin__seed42,google,benzene,gin,42,saliency,fresh_full_partition,0.42,42,0.09309305555555555,0.09399905649905649,1000,0.1,0.09842660120437897,0.44483405966213585,0.7256817423484091,0.6551166317635185,0.0,0.44,0.9031661198214196,0.45833206015928374
google__benzene__gin__seed42,google,benzene,gin,42,ig,historical_full_partition,0.73,73,0.09540833333333333,0.09631202131202139,1000,0.1,0.10225344392011057,0.7551707536987445,0.43822005487812166,0.41613412916190323,,0.75,0.9031661198214196,0.14799536612267505
google__benzene__gin__seed42,google,benzene,gin,42,gradinput,historical_full_partition,0.8300000000000001,83,0.09833472222222223,0.0992354867354868,1000,0.1,0.10928329122773567,0.8503733407484473,0.3884930443065977,0.3711982206605754,,0.85,0.9031661198214196,0.05279277907297231
google__logic10__gcn__seed123,google,logic10,gcn,123,atom_occlusion,fresh_full_partition,0.61,61,0.09496888723681,0.09965816761382129,192,0.1,0.1109928761714476,0.6349217897381224,0.6878640456765456,0.6321691545437952,0.0,0.6363636363636364,0.9043177969998629,0.2693960072617405
google__logic10__gcn__seed123,google,logic10,gcn,123,saliency,fresh_full_partition,0.86,86,0.09260584314582476,0.09730736727460278,192,0.1,0.0862437042124542,0.883717529966172,0.5116763316401889,0.489394559602964,0.0,0.88,0.9043177969998629,0.02060026703369089
google__logic10__gcn__seed123,google,logic10,gcn,123,ig,historical_full_partition,0.67,67,0.08869928665424986,0.09342105200837286,192,0.1,0.10199807632843347,0.6977497682005145,0.635333738681953,0.594140382505597,,0.6956521739130435,0.9043177969998629,0.20656802879934844
google__logic10__gcn__seed123,google,logic10,gcn,123,gradinput,historical_full_partition,0.81,81,0.08334140031060984,0.08809092673387078,192,0.1,0.0879145408163265,0.8360362351772493,0.5402046877209968,0.5145585950287873,,0.8333333333333334,0.9043177969998629,0.06828156182261358
google__logic10__gcn__seed2026,google,logic10,gcn,2026,atom_occlusion,fresh_full_partition,0.58,58,0.09240832271622712,0.09711087026692017,192,0.1,0.10349516554873697,0.6043412180825828,0.727644850189493,0.6720450126437523,0.0,0.6,0.9140376849550449,0.3096964668724621
google__logic10__gcn__seed2026,google,logic10,gcn,2026,saliency,fresh_full_partition,0.85,85,0.0893756242906059,0.09409388530464413,192,0.1,0.08335336538461537,0.8724292646600494,0.5202208420250078,0.4989330033993082,0.0,0.875,0.9140376849550449,0.04160842029499545
google__logic10__gcn__seed2026,google,logic10,gcn,2026,ig,historical_full_partition,0.89,89,0.0919200994913311,0.09662517669603914,192,0.1,0.09170814304742876,0.9140376849550449,0.49272921591392105,0.4706043278588793,,0.9130434782608695,0.9140376849550449,0.0
google__logic10__gcn__seed2026,google,logic10,gcn,2026,gradinput,historical_full_partition,0.8,80,0.09111444026425641,0.09582369186910474,192,0.1,0.09742404173207743,0.8213806229323514,0.5442948819127087,0.5164096487954156,,0.8260869565217391,0.9140376849550449,0.09265706202269353
google__logic10__gcn__seed42,google,logic10,gcn,42,atom_occlusion,fresh_full_partition,0.62,62,0.08873049523325256,0.09345209888489371,192,0.1,0.09878763349745492,0.6443736474042658,0.685851883731348,0.6374866609093031,0.0,0.64,0.9043177969998629,0.2599441495955971
google__logic10__gcn__seed42,google,logic10,gcn,42,saliency,fresh_full_partition,0.91,91,0.08728366753412707,0.0920127677023439,192,0.1,0.07502430605109175,0.9336198180475164,0.4916035494912254,0.4747801501450089,0.0,0.9375,0.9043177969998629,-0.029302021047653448
google__logic10__gcn__seed42,google,logic10,gcn,42,ig,historical_full_partition,0.63,63,0.0952079566165044,0.09989599829206654,192,0.1,0.10448532122639266,0.6531162069280754,0.6747960744612531,0.6267632635804904,,0.6521739130434783,0.9043177969998629,0.25120159007178755
google__logic10__gcn__seed42,google,logic10,gcn,42,gradinput,historical_full_partition,0.73,73,0.09514796461028079,0.09983631712525333,192,0.1,0.07869121206174776,0.7549440500024239,0.6029725607501619,0.5747828558410851,,0.75,0.9043177969998629,0.149373746997439
google__logic10__gin__seed123,google,logic10,gin,123,atom_occlusion,fresh_full_partition,0.58,58,0.09166316433090328,0.09636957280587265,192,0.1,0.09337897965130106,0.6043412180825828,0.7359403493332065,0.6819221416713539,0.0,0.6,0.9043177969998629,0.29997657891728013
google__logic10__gin__seed123,google,logic10,gin,123,saliency,fresh_full_partition,0.85,85,0.08765850673019789,0.0923856647264144,192,0.1,0.1012090587983445,0.8724292646600494,0.5104820476835072,0.4847274449847709,0.0,0.875,0.9043177969998629,0.03188853233981348
google__logic10__gin__seed123,google,logic10,gin,123,ig,historical_full_partition,0.74,74,0.09204233904371771,0.09674678288286935,192,0.1,0.10408936301793445,0.7666308757624763,0.577523413518272,0.5412322807374085,,0.7619047619047619,0.9043177969998629,0.13768692123738657
google__logic10__gin__seed123,google,logic10,gin,123,gradinput,historical_full_partition,0.93,93,0.08269678306443011,0.08744964947342253,192,0.1,0.07653243334046904,0.9549678417887855,0.47920795688616774,0.4612433736506477,,0.9545454545454546,0.9043177969998629,-0.050650044788922544
google__logic10__gin__seed2026,google,logic10,gin,2026,atom_occlusion,fresh_full_partition,0.58,58,0.0911074772517787,0.09581676493441192,192,0.1,0.09949734045716187,0.6043412180825828,0.7303736689897404,0.6760816986284147,0.0,0.6,0.9140376849550449,0.3096964668724621
google__logic10__gin__seed2026,google,logic10,gin,2026,saliency,fresh_full_partition,0.81,81,0.08088673904390815,0.08564898391932818,192,0.1,0.07937189298796442,0.8360362351772493,0.5449692991384997,0.5217419452842319,0.0,0.8333333333333334,0.9140376849550449,0.07800144977779555
google__logic10__gin__seed2026,google,logic10,gin,2026,ig,historical_full_partition,0.86,86,0.0948147309015875,0.09950481001608699,192,0.1,0.09747696499928642,0.883717529966172,0.5056245319330653,0.47962754662014806,,0.88,0.9140376849550449,0.03032015498887286
google__logic10__gin__seed2026,google,logic10,gin,2026,gradinput,historical_full_partition,0.91,91,0.0893904727659323,0.09410865684486515,192,0.1,0.09561584249084246,0.9336198180475164,0.48067597042097315,0.4593566320759073,,0.9375,0.9140376849550449,-0.019582133092471476
google__logic10__gin__seed42,google,logic10,gin,42,atom_occlusion,fresh_full_partition,0.6900000000000001,69,0.09079490940704175,0.09550581661218653,192,0.1,0.10108273423005565,0.7136361104766592,0.6207802191389377,0.5804885925432005,0.0,0.7142857142857143,0.9043177969998629,0.19068168652320372
google__logic10__gin__seed42,google,logic10,gin,42,saliency,fresh_full_partition,0.74,74,0.0912297257311044,0.09593838000192759,192,0.1,0.09230583404690547,0.7666308757624763,0.5847290574385194,0.5519726730021539,0.0,0.7619047619047619,0.9043177969998629,0.13768692123738657
google__logic10__gin__seed42,google,logic10,gin,42,ig,historical_full_partition,0.87,87,0.088116741391098,0.09284152511446007,192,0.1,0.09142483260786831,0.8955752374760533,0.5021744865287545,0.4778516872335979,,0.9,0.9043177969998629,0.008742559523809645
google__logic10__gin__seed42,google,logic10,gin,42,gradinput,historical_full_partition,0.92,92,0.08751676776722732,0.09224466016221561,192,0.1,0.08134116627420197,0.9476758480682204,0.4811269323266077,0.46234073288719774,,0.9523809523809523,0.9043177969998629,-0.04335805106835744
google__logic7__gcn__seed123,google,logic7,gcn,123,atom_occlusion,fresh_full_partition,0.31,31,0.08605699855699855,0.09969793887704337,66,0.1,0.06957953394123606,0.32899563852469804,0.5464285714285715,0.5214070799177183,0.0,0.32,0.9390069354229216,0.6100112968982235
google__logic7__gcn__seed123,google,logic7,gcn,123,saliency,fresh_full_partition,0.96,96,0.051515151515151514,0.06567164179104477,66,0.1,0.02801418439716312,0.9948936170212765,0.19252581990973514,0.19171021707285568,0.0,1.0,0.9390069354229216,-0.05588668159835497
google__logic7__gcn__seed123,google,logic7,gcn,123,ig,historical_full_partition,0.72,72,0.08437950937950937,0.098045486851457,66,0.1,0.0576241134751773,0.7399967108726914,0.2502119091449504,0.24690103918580303,,0.7391304347826086,0.9390069354229216,0.1990102245502302
google__logic7__gcn__seed123,google,logic7,gcn,123,gradinput,historical_full_partition,0.81,81,0.08351370851370851,0.09719260838663825,66,0.1,0.03652482269503545,0.833329619256579,0.2258508643644669,0.22362315452047182,,0.8333333333333334,0.9390069354229216,0.10567731616634257
google__logic7__gcn__seed2026,google,logic7,gcn,2026,atom_occlusion,fresh_full_partition,0.37,37,0.08515512265512265,0.09880952380952382,66,0.1,0.054305977710233024,0.39782984641081,0.4638129010469436,0.44947192287617815,0.0,0.4,0.8983233285789827,0.5004934821681727
google__logic7__gcn__seed2026,google,logic7,gcn,2026,saliency,fresh_full_partition,0.96,96,0.051515151515151514,0.06567164179104477,66,0.1,0.016666666666666663,0.9948936170212765,0.1942988695551252,0.19369603267569258,0.0,1.0,0.8983233285789827,-0.09657028844229387
google__logic7__gcn__seed2026,google,logic7,gcn,2026,ig,historical_full_partition,0.6,60,0.08219696969696971,0.09589552238805969,66,0.1,0.05997973657548126,0.6218405892071917,0.2963698240293985,0.2912789859285479,,0.625,0.8983233285789827,0.276482739371791
google__logic7__gcn__seed2026,google,logic7,gcn,2026,gradinput,historical_full_partition,0.93,93,0.08084415584415584,0.09456289978678038,66,0.1,0.08138297872340425,0.9546910462550436,0.19010732547175402,0.18747940619355968,,0.9545454545454546,0.8983233285789827,-0.05636771767606097
google__logic7__gcn__seed42,google,logic7,gcn,42,atom_occlusion,fresh_full_partition,0.27,27,0.08571428571428572,0.09936034115138594,66,0.1,0.06266464032421479,0.28818596489492326,0.6278115501519757,0.6017170182063799,0.0,0.2857142857142857,0.8983233285789827,0.6101373636840595
google__logic7__gcn__seed42,google,logic7,gcn,42,saliency,fresh_full_partition,0.96,96,0.04141414141414142,0.05572139303482587,66,0.1,0.02801418439716312,0.9948936170212765,0.19252581990973514,0.19171021707285568,0.0,1.0,0.8983233285789827,-0.09657028844229387
google__logic7__gcn__seed42,google,logic7,gcn,42,ig,historical_full_partition,0.56,56,0.08515512265512265,0.0988095238095238,66,0.1,0.06793313069908814,0.584373580750989,0.31179942988453635,0.3044657174976324,,0.5909090909090909,0.8983233285789827,0.3139497478279937
google__logic7__gcn__seed42,google,logic7,gcn,42,gradinput,historical_full_partition,0.71,71,0.07658730158730158,0.09036958066808813,66,0.1,0.05514184397163121,0.7323979266781626,0.252701618017638,0.24913426823050694,,0.7272727272727273,0.8983233285789827,0.16592540190082006
google__logic7__gin__seed123,google,logic7,gin,123,atom_occlusion,fresh_full_partition,0.6900000000000001,69,0.08430735930735932,0.09797441364605544,66,0.1,0.08282674772036475,0.7178330720591641,0.24761432941971118,0.24329869312413283,0.0,0.72,0.9390069354229216,0.22117386336375744
google__logic7__gin__seed123,google,logic7,gin,123,saliency,fresh_full_partition,0.9400000000000001,94,0.08324314574314574,0.09692608386638238,66,0.1,0.06524822695035462,0.9573506207231287,0.19309272659545304,0.19132826912203588,0.0,0.9545454545454546,0.9390069354229216,-0.018343685300207135
google__logic7__gin__seed123,google,logic7,gin,123,ig,historical_full_partition,0.67,67,0.08376623376623375,0.09744136460554371,66,0.1,0.06223404255319149,0.6931680002888293,0.26634526820697035,0.26253782026623085,,0.6875,0.9390069354229216,0.24583893513409227
google__logic7__gin__seed123,google,logic7,gin,123,gradinput,historical_full_partition,0.96,96,0.045454545454545456,0.05970149253731343,66,0.1,0.016666666666666663,0.9948936170212765,0.1942988695551252,0.19369603267569258,,1.0,0.9390069354229216,-0.05588668159835497
google__logic7__gin__seed2026,google,logic7,gin,2026,atom_occlusion,fresh_full_partition,0.88,88,0.07373737373737374,0.08756218905472636,66,0.1,0.08865248226950355,0.905415527160543,0.20028283568234825,0.19803473316066286,0.0,0.9090909090909091,0.8983233285789827,-0.007092198581560294
google__logic7__gin__seed2026,google,logic7,gin,2026,saliency,fresh_full_partition,0.92,92,0.08349567099567098,0.09717484008528786,66,0.1,0.09822695035460995,0.9480649064374145,0.19102909873395288,0.1889031604475394,0.0,0.9545454545454546,0.8983233285789827,-0.04974157785843181
google__logic7__gin__seed2026,google,logic7,gin,2026,ig,historical_full_partition,0.92,92,0.08207070707070707,0.09577114427860696,66,0.1,0.09609929078014186,0.9480649064374145,0.19053034585984094,0.18827945343604213,,0.9545454545454546,0.8983233285789827,-0.04974157785843181
google__logic7__gin__seed2026,google,logic7,gin,2026,gradinput,historical_full_partition,0.89,89,0.08106060606060606,0.09477611940298508,66,0.1,0.10676291793313071,0.9117734745948357,0.1949044262389677,0.19177757594471276,,0.9090909090909091,0.8983233285789827,-0.013450146015853037
google__logic7__gin__seed42,google,logic7,gin,42,atom_occlusion,fresh_full_partition,0.89,89,0.08412698412698413,0.09779673063255155,66,0.1,0.07963525835866261,0.9117734745948357,0.19766182684876815,0.19445178249776673,0.0,0.9090909090909091,0.8983233285789827,-0.013450146015853037
google__logic7__gin__seed42,google,logic7,gin,42,saliency,fresh_full_partition,0.96,96,0.018181818181818184,0.032835820895522394,66,0.1,0.014184397163120567,0.9948936170212765,0.1951853943778202,0.19475986246292665,0.0,1.0,0.8983233285789827,-0.09657028844229387
google__logic7__gin__seed42,google,logic7,gin,42,ig,historical_full_partition,0.74,74,0.08575036075036074,0.09939587775408672,66,0.1,0.09169199594731509,0.7666275550759587,0.23265232652130752,0.22786325566857152,,0.7647058823529411,0.8983233285789827,0.13169577350302397
google__logic7__gin__seed42,google,logic7,gin,42,gradinput,historical_full_partition,0.93,93,0.06453823953823953,0.07850035536602701,66,0.1,0.07272036474164133,0.9546910462550436,0.19098433666511466,0.18842202529364394,,0.9545454545454546,0.8983233285789827,-0.05636771767606097
google__logic8__gcn__seed123,google,logic8,gcn,123,atom_occlusion,fresh_full_partition,0.59,59,0.09399553358661165,0.09735110568443894,269,0.1,0.10046034882991405,0.6105970266924218,0.4408397309212526,0.4191807358588301,0.0,0.6086956521739131,0.9024191886597204,0.2918221619672986
google__logic8__gcn__seed123,google,logic8,gcn,123,saliency,fresh_full_partition,0.72,72,0.09471962362296935,0.09807251390584718,269,0.1,0.10289129650542694,0.7399451599908314,0.36521737622281103,0.3513026943713695,0.0,0.7391304347826086,0.9024191886597204,0.16247402866888894
google__logic8__gcn__seed123,google,logic8,gcn,123,ig,historical_full_partition,0.84,84,0.09173635121590511,0.09510029065584609,269,0.1,0.08462811343246124,0.8602399673880892,0.3234493928423546,0.3137801346905504,,0.8636363636363636,0.9024191886597204,0.042179221271631206
google__logic8__gcn__seed123,google,logic8,gcn,123,gradinput,historical_full_partition,0.88,88,0.09657948412595252,0.09992548603659707,269,0.1,0.0950292913608131,0.9024191886597204,0.30675972094883625,0.2981807843754581,,0.9047619047619048,0.9024191886597204,0.0
google__logic8__gcn__seed2026,google,logic8,gcn,2026,atom_occlusion,fresh_full_partition,0.6900000000000001,69,0.09436500096351397,0.09771920466364903,269,0.1,0.08315040937323545,0.7146994560672669,0.3878924907857133,0.37491506486815157,0.0,0.7142857142857143,0.9024191886597204,0.18771973259245345
google__logic8__gcn__seed2026,google,logic8,gcn,2026,saliency,fresh_full_partition,0.7000000000000001,70,0.09630361377573274,0.09965063742841514,269,0.1,0.09247619831858964,0.7254790474588622,0.37706318484371554,0.364374292764638,0.0,0.72,0.9024191886597204,0.17694014120085821
google__logic8__gcn__seed2026,google,logic8,gcn,2026,ig,historical_full_partition,0.91,91,0.09439745508518743,0.09775153858487179,269,0.1,0.0917946938327373,0.9329327485320431,0.2983701742230031,0.2908402062775292,,0.92,0.9024191886597204,-0.030513559872322737
google__logic8__gcn__seed2026,google,logic8,gcn,2026,gradinput,historical_full_partition,0.89,89,0.08628585375797271,0.0896699802255357,269,0.1,0.08178112648221343,0.9154662190660858,0.3058428315912298,0.2981185568666109,,0.9166666666666666,0.9024191886597204,-0.013047030406365456
google__logic8__gcn__seed42,google,logic8,gcn,42,atom_occlusion,fresh_full_partition,0.65,65,0.09302298279993447,0.09638215693771242,269,0.1,0.08659890833803877,0.6711482673910597,0.40892042562438985,0.39297351671114966,0.0,0.6666666666666666,0.9154662190660858,0.24431795167502612
google__logic8__gcn__seed42,google,logic8,gcn,42,saliency,fresh_full_partition,0.65,65,0.0910567334359156,0.09442318997874552,269,0.1,0.09215524813350899,0.6711482673910597,0.40700247686740654,0.3914503040025065,0.0,0.6666666666666666,0.9154662190660858,0.24431795167502612
google__logic8__gcn__seed42,google,logic8,gcn,42,ig,historical_full_partition,0.96,96,0.02748005814920313,0.03108198385976165,269,0.1,0.027254101574753747,0.991304347826087,0.3006255786403412,0.2989498540026601,,1.0,0.9154662190660858,-0.07583812876000118
google__logic8__gcn__seed42,google,logic8,gcn,42,gradinput,historical_full_partition,0.91,91,0.09404976477467182,0.09740513601624702,269,0.1,0.08121980676328501,0.9329327485320431,0.3017496749071508,0.29531736077870824,,0.92,0.9154662190660858,-0.01746652946595728
google__logic8__gin__seed123,google,logic8,gin,123,atom_occlusion,fresh_full_partition,0.73,73,0.09650934567291446,0.0998556073556073,269,0.1,0.08591073781291172,0.756079327755434,0.36587248512431914,0.3536801389736256,0.0,0.76,0.9024191886597204,0.1463398609042864
google__logic8__gin__seed123,google,logic8,gin,123,saliency,fresh_full_partition,0.8,80,0.09365414634931364,0.09701098284431611,269,0.1,0.10992004674069891,0.8167710389233653,0.3320652003953929,0.32024415508647763,0.0,0.8181818181818182,0.9024191886597204,0.08564814973635504
google__logic8__gin__seed123,google,logic8,gin,123,ig,historical_full_partition,0.85,85,0.08841007196025782,0.0917863309529976,269,0.1,0.09399644739318651,0.8710699269022593,0.3171126144499075,0.30738270293587805,,0.875,0.9024191886597204,0.03134926175746111
google__logic8__gin__seed123,google,logic8,gin,123,gradinput,historical_full_partition,0.9500000000000001,95,0.07920325234451628,0.08261361066916616,269,0.1,0.08280985319028797,0.9635620995261828,0.29160675860520435,0.28504461810831855,,0.9583333333333334,0.9024191886597204,-0.0611429108664624
google__logic8__gin__seed2026,google,logic8,gin,2026,atom_occlusion,fresh_full_partition,0.77,77,0.09396844378257017,0.09732411621300503,269,0.1,0.08446244275048623,0.7942440479697253,0.35030043219781065,0.3394240102507534,0.0,0.8,0.9024191886597204,0.10817514068999512
google__logic8__gin__seed2026,google,logic8,gin,2026,saliency,fresh_full_partition,0.84,84,0.0928467237017423,0.09620655065099501,269,0.1,0.09034384999058911,0.8602399673880892,0.3213745568577561,0.311592740304143,0.0,0.8636363636363636,0.9024191886597204,0.042179221271631206
google__logic8__gin__seed2026,google,logic8,gin,2026,ig,historical_full_partition,0.76,76,0.0957076071388339,0.09905683822350482,269,0.1,0.08729825428194993,0.7782340988395715,0.35633984641127253,0.3441797757999467,,0.7777777777777778,0.9024191886597204,0.12418508982014886
google__logic8__gin__seed2026,google,logic8,gin,2026,gradinput,historical_full_partition,0.93,93,0.08322018749528043,0.08661566828233487,269,0.1,0.0625782279314888,0.9552677229464129,0.2993921829174449,0.29347566521994223,,0.9565217391304348,0.9024191886597204,-0.05284853428669256
google__logic8__gin__seed42,google,logic8,gin,42,atom_occlusion,fresh_full_partition,0.78,78,0.09633938964793982,0.09968628079739182,269,0.1,0.07490530303030303,0.8022864282947143,0.35130478350040206,0.3424844836985475,0.0,0.8,0.9154662190660858,0.11317979077137152
google__logic8__gin__seed42,google,logic8,gin,42,saliency,fresh_full_partition,0.93,93,0.07962649700567916,0.08303528775750993,269,0.1,0.09064460599786686,0.9552677229464129,0.29313050012847774,0.2862819002551477,0.0,0.9565217391304348,0.9154662190660858,-0.039801503880327105
google__logic8__gin__seed42,google,logic8,gin,42,ig,historical_full_partition,0.86,86,0.09444806535884603,0.09780196141307243,269,0.1,0.09056520170650605,0.8816677529892157,0.31495756691484583,0.3060177022898028,,0.88,0.9154662190660858,0.03379846607687009
google__logic8__gin__seed42,google,logic8,gin,42,gradinput,historical_full_partition,0.91,91,0.08308013754110408,0.08647613703169253,269,0.1,0.07647162619988707,0.9329327485320431,0.30242159844934774,0.2957819818793321,,0.92,0.9154662190660858,-0.01746652946595728
