cell_id,family,task,model,seed,method,nominal_fraction,risk,mean_atom_fraction,precision,iou,tie_inflation,median_atom_fraction
bxaic__B__gcn__seed123,bxaic,B,gcn,123,atom_occlusion,0.2,0.0,0.2153567335816149,0.18645378770279053,0.18645378770279053,0.0,0.21052631578947367
bxaic__B__gcn__seed123,bxaic,B,gcn,123,atom_occlusion,0.5,0.0,0.5084508774602265,0.07980815850049526,0.07980815850049526,0.0,0.5
bxaic__B__gcn__seed123,bxaic,B,gcn,123,saliency,0.2,0.027522935779816515,0.2153567335816149,0.1825219397342453,0.1825219397342453,0.0,0.21052631578947367
bxaic__B__gcn__seed123,bxaic,B,gcn,123,saliency,0.5,0.0,0.5084508774602265,0.07980815850049526,0.07980815850049526,0.0,0.5
bxaic__B__gcn__seed123,bxaic,B,gcn,123,ig,0.2,0.0,0.2153567335816149,0.18645378770279053,0.18645378770279053,,0.21052631578947367
bxaic__B__gcn__seed123,bxaic,B,gcn,123,ig,0.5,0.0,0.5084508774602265,0.07980815850049526,0.07980815850049526,,0.5
bxaic__B__gcn__seed123,bxaic,B,gcn,123,gradinput,0.2,0.0,0.2153567335816149,0.18645378770279053,0.18645378770279053,,0.21052631578947367
bxaic__B__gcn__seed123,bxaic,B,gcn,123,gradinput,0.5,0.0,0.5084508774602265,0.07980815850049526,0.07980815850049526,,0.5
bxaic__B__gcn__seed2026,bxaic,B,gcn,2026,atom_occlusion,0.2,0.0,0.2153567335816149,0.18645378770279053,0.18645378770279053,0.0,0.21052631578947367
bxaic__B__gcn__seed2026,bxaic,B,gcn,2026,atom_occlusion,0.5,0.0,0.5084508774602265,0.07980815850049526,0.07980815850049526,0.0,0.5
bxaic__B__gcn__seed2026,bxaic,B,gcn,2026,saliency,0.2,0.07339449541284404,0.2153567335816149,0.17044242903088133,0.17044242903088133,0.0,0.21052631578947367
bxaic__B__gcn__seed2026,bxaic,B,gcn,2026,saliency,0.5,0.0,0.5084508774602265,0.07980815850049526,0.07980815850049526,0.0,0.5
bxaic__B__gcn__seed2026,bxaic,B,gcn,2026,ig,0.2,0.0,0.2153567335816149,0.18645378770279053,0.18645378770279053,,0.21052631578947367
bxaic__B__gcn__seed2026,bxaic,B,gcn,2026,ig,0.5,0.0,0.5084508774602265,0.07980815850049526,0.07980815850049526,,0.5
bxaic__B__gcn__seed2026,bxaic,B,gcn,2026,gradinput,0.2,0.0,0.2153567335816149,0.18645378770279053,0.18645378770279053,,0.21052631578947367
bxaic__B__gcn__seed2026,bxaic,B,gcn,2026,gradinput,0.5,0.0,0.5084508774602265,0.07980815850049526,0.07980815850049526,,0.5
bxaic__B__gcn__seed42,bxaic,B,gcn,42,atom_occlusion,0.2,0.0,0.2153567335816149,0.18645378770279053,0.18645378770279053,0.0,0.21052631578947367
bxaic__B__gcn__seed42,bxaic,B,gcn,42,atom_occlusion,0.5,0.0,0.5084508774602265,0.07980815850049526,0.07980815850049526,0.0,0.5
bxaic__B__gcn__seed42,bxaic,B,gcn,42,saliency,0.2,0.027522935779816515,0.2153567335816149,0.1825219397342453,0.1825219397342453,0.0,0.21052631578947367
bxaic__B__gcn__seed42,bxaic,B,gcn,42,saliency,0.5,0.0,0.5084508774602265,0.07980815850049526,0.07980815850049526,0.0,0.5
bxaic__B__gcn__seed42,bxaic,B,gcn,42,ig,0.2,0.0,0.2153567335816149,0.18645378770279053,0.18645378770279053,,0.21052631578947367
bxaic__B__gcn__seed42,bxaic,B,gcn,42,ig,0.5,0.0,0.5084508774602265,0.07980815850049526,0.07980815850049526,,0.5
bxaic__B__gcn__seed42,bxaic,B,gcn,42,gradinput,0.2,0.0,0.2153567335816149,0.18645378770279053,0.18645378770279053,,0.21052631578947367
bxaic__B__gcn__seed42,bxaic,B,gcn,42,gradinput,0.5,0.0,0.5084508774602265,0.07980815850049526,0.07980815850049526,,0.5
bxaic__B__gin__seed123,bxaic,B,gin,123,atom_occlusion,0.2,0.0,0.2153567335816149,0.18645378770279053,0.18645378770279053,0.0,0.21052631578947367
bxaic__B__gin__seed123,bxaic,B,gin,123,atom_occlusion,0.5,0.0,0.5084508774602265,0.07980815850049526,0.07980815850049526,0.0,0.5
bxaic__B__gin__seed123,bxaic,B,gin,123,saliency,0.2,0.0,0.2153567335816149,0.18645378770279053,0.18645378770279053,0.0,0.21052631578947367
bxaic__B__gin__seed123,bxaic,B,gin,123,saliency,0.5,0.0,0.5084508774602265,0.07980815850049526,0.07980815850049526,0.0,0.5
bxaic__B__gin__seed123,bxaic,B,gin,123,ig,0.2,0.0,0.2153567335816149,0.18645378770279053,0.18645378770279053,,0.21052631578947367
bxaic__B__gin__seed123,bxaic,B,gin,123,ig,0.5,0.0,0.5084508774602265,0.07980815850049526,0.07980815850049526,,0.5
bxaic__B__gin__seed123,bxaic,B,gin,123,gradinput,0.2,0.0,0.2153567335816149,0.18645378770279053,0.18645378770279053,,0.21052631578947367
bxaic__B__gin__seed123,bxaic,B,gin,123,gradinput,0.5,0.0,0.5084508774602265,0.07980815850049526,0.07980815850049526,,0.5
bxaic__B__gin__seed2026,bxaic,B,gin,2026,atom_occlusion,0.2,0.0,0.2153567335816149,0.18645378770279053,0.18645378770279053,0.0,0.21052631578947367
bxaic__B__gin__seed2026,bxaic,B,gin,2026,atom_occlusion,0.5,0.0,0.5084508774602265,0.07980815850049526,0.07980815850049526,0.0,0.5
bxaic__B__gin__seed2026,bxaic,B,gin,2026,saliency,0.2,0.0,0.2153567335816149,0.18645378770279053,0.18645378770279053,0.0,0.21052631578947367
bxaic__B__gin__seed2026,bxaic,B,gin,2026,saliency,0.5,0.0,0.5084508774602265,0.07980815850049526,0.07980815850049526,0.0,0.5
bxaic__B__gin__seed2026,bxaic,B,gin,2026,ig,0.2,0.0,0.2153567335816149,0.18645378770279053,0.18645378770279053,,0.21052631578947367
bxaic__B__gin__seed2026,bxaic,B,gin,2026,ig,0.5,0.0,0.5084508774602265,0.07980815850049526,0.07980815850049526,,0.5
bxaic__B__gin__seed2026,bxaic,B,gin,2026,gradinput,0.2,0.0,0.2153567335816149,0.18645378770279053,0.18645378770279053,,0.21052631578947367
bxaic__B__gin__seed2026,bxaic,B,gin,2026,gradinput,0.5,0.0,0.5084508774602265,0.07980815850049526,0.07980815850049526,,0.5
bxaic__B__gin__seed42,bxaic,B,gin,42,atom_occlusion,0.2,0.0,0.2153567335816149,0.18645378770279053,0.18645378770279053,0.0,0.21052631578947367
bxaic__B__gin__seed42,bxaic,B,gin,42,atom_occlusion,0.5,0.0,0.5084508774602265,0.07980815850049526,0.07980815850049526,0.0,0.5
bxaic__B__gin__seed42,bxaic,B,gin,42,saliency,0.2,0.0045871559633027525,0.2153567335816149,0.18416020972113914,0.18370149412480885,0.0,0.21052631578947367
bxaic__B__gin__seed42,bxaic,B,gin,42,saliency,0.5,0.0,0.5084508774602265,0.07980815850049526,0.07980815850049526,0.0,0.5
bxaic__B__gin__seed42,bxaic,B,gin,42,ig,0.2,0.0,0.2153567335816149,0.18645378770279053,0.18645378770279053,,0.21052631578947367
bxaic__B__gin__seed42,bxaic,B,gin,42,ig,0.5,0.0,0.5084508774602265,0.07980815850049526,0.07980815850049526,,0.5
bxaic__B__gin__seed42,bxaic,B,gin,42,gradinput,0.2,0.0,0.2153567335816149,0.18645378770279053,0.18645378770279053,,0.21052631578947367
bxaic__B__gin__seed42,bxaic,B,gin,42,gradinput,0.5,0.0,0.5084508774602265,0.07980815850049526,0.07980815850049526,,0.5
bxaic__indole__gcn__seed123,bxaic,indole,gcn,123,atom_occlusion,0.2,0.5103653109608713,0.21298198177985175,0.6722443092883132,0.38890501867048033,0.0,0.21052631578947367
bxaic__indole__gcn__seed123,bxaic,indole,gcn,123,atom_occlusion,0.5,0.14255620880553205,0.5081667780172197,0.5137579989621112,0.4690435331134915,0.0,0.5
bxaic__indole__gcn__seed123,bxaic,indole,gcn,123,saliency,0.2,0.8239013137497166,0.21298198177985175,0.2525939367168144,0.12118536770466007,0.0,0.21052631578947367
bxaic__indole__gcn__seed123,bxaic,indole,gcn,123,saliency,0.5,0.456723249529151,0.5081667780172197,0.3210776148579653,0.2546370544027429,0.0,0.5
bxaic__indole__gcn__seed123,bxaic,indole,gcn,123,ig,0.2,0.596825548321217,0.21298198177985175,0.560303666830221,0.3026870361013552,,0.21052631578947367
bxaic__indole__gcn__seed123,bxaic,indole,gcn,123,ig,0.5,0.20115890170708797,0.5081667780172197,0.47998859487621576,0.42162170678834204,,0.5
bxaic__indole__gcn__seed123,bxaic,indole,gcn,123,gradinput,0.2,0.543909735815529,0.21298198177985175,0.6108377402408907,0.34760155276247934,,0.21052631578947367
bxaic__indole__gcn__seed123,bxaic,indole,gcn,123,gradinput,0.5,0.20396658475976293,0.5081667780172197,0.4803440734220217,0.4212325364345734,,0.5
bxaic__indole__gcn__seed2026,bxaic,indole,gcn,2026,atom_occlusion,0.2,0.4761303268409387,0.21298198177985175,0.7218483662783899,0.428708323757582,0.0,0.21052631578947367
bxaic__indole__gcn__seed2026,bxaic,indole,gcn,2026,atom_occlusion,0.5,0.1299291258481838,0.5081667780172197,0.5224183014485381,0.47936195889018174,0.0,0.5
bxaic__indole__gcn__seed2026,bxaic,indole,gcn,2026,saliency,0.2,0.7642968616236077,0.21298198177985175,0.33468194879928204,0.1692131668393745,0.0,0.21052631578947367
bxaic__indole__gcn__seed2026,bxaic,indole,gcn,2026,saliency,0.5,0.32937019992380034,0.5081667780172197,0.4033197769661013,0.33856264913985545,0.0,0.5
bxaic__indole__gcn__seed2026,bxaic,indole,gcn,2026,ig,0.2,0.7660225174572767,0.21298198177985175,0.3436236908116188,0.16503141733424107,,0.21052631578947367
bxaic__indole__gcn__seed2026,bxaic,indole,gcn,2026,ig,0.5,0.28615838882487504,0.5081667780172197,0.4266422049580637,0.3582891178790122,,0.5
bxaic__indole__gcn__seed2026,bxaic,indole,gcn,2026,gradinput,0.2,0.49209833610212605,0.21298198177985175,0.6890578559045993,0.40852585693816323,,0.21052631578947367
bxaic__indole__gcn__seed2026,bxaic,indole,gcn,2026,gradinput,0.5,0.19913714316123635,0.5081667780172197,0.48691322349963856,0.4284851250446872,,0.5
bxaic__indole__gcn__seed42,bxaic,indole,gcn,42,atom_occlusion,0.2,0.4897380174518778,0.21298198177985175,0.6996516730317878,0.4109045074358541,0.0,0.21052631578947367
bxaic__indole__gcn__seed42,bxaic,indole,gcn,42,atom_occlusion,0.5,0.12410993726640725,0.5081667780172197,0.5252951242306466,0.48248213576706406,0.0,0.5
bxaic__indole__gcn__seed42,bxaic,indole,gcn,42,saliency,0.2,0.7759096718016588,0.21298198177985175,0.3343705461450621,0.16569445098771216,0.0,0.21052631578947367
bxaic__indole__gcn__seed42,bxaic,indole,gcn,42,saliency,0.5,0.42474920831038865,0.5081667780172197,0.3497913672993303,0.2797943088860492,0.0,0.5
bxaic__indole__gcn__seed42,bxaic,indole,gcn,42,ig,0.2,0.6860680945615976,0.21298198177985175,0.43913507595450973,0.22181680361674883,,0.21052631578947367
bxaic__indole__gcn__seed42,bxaic,indole,gcn,42,ig,0.5,0.2462201930596625,0.5081667780172197,0.4496140152113325,0.38368782005389557,,0.5
bxaic__indole__gcn__seed42,bxaic,indole,gcn,42,gradinput,0.2,0.5872678340328584,0.21298198177985175,0.578409247525151,0.32060379115039334,,0.21052631578947367
bxaic__indole__gcn__seed42,bxaic,indole,gcn,42,gradinput,0.5,0.19969793937038122,0.5081667780172197,0.48070308256655,0.42305148236950346,,0.5
bxaic__indole__gin__seed123,bxaic,indole,gin,123,atom_occlusion,0.2,0.30363670123415665,0.21298198177985175,0.9253165733987606,0.6362024590955361,0.0,0.21052631578947367
bxaic__indole__gin__seed123,bxaic,indole,gin,123,atom_occlusion,0.5,0.02316692812090755,0.5081667780172197,0.5944936997419956,0.5798208672784204,0.0,0.5
bxaic__indole__gin__seed123,bxaic,indole,gin,123,saliency,0.2,0.4408704845155847,0.21298198177985175,0.7532649165261309,0.459024634340355,0.0,0.21052631578947367
bxaic__indole__gin__seed123,bxaic,indole,gin,123,saliency,0.5,0.1219106751997927,0.5081667780172197,0.5271028693288733,0.48434460310000255,0.0,0.5
bxaic__indole__gin__seed123,bxaic,indole,gin,123,ig,0.2,0.4636693714454949,0.21298198177985175,0.7246527976828024,0.43052844034535404,,0.21052631578947367
bxaic__indole__gin__seed123,bxaic,indole,gin,123,ig,0.5,0.12440438178797683,0.5081667780172197,0.5292855805467452,0.48776598610525357,,0.5
bxaic__indole__gin__seed123,bxaic,indole,gin,123,gradinput,0.2,0.7364121498325613,0.21298198177985175,0.37264033480589154,0.1880564179399463,,0.21052631578947367
bxaic__indole__gin__seed123,bxaic,indole,gin,123,gradinput,0.5,0.49093893308159686,0.5081667780172197,0.31012551999651544,0.242590398487703,,0.5
bxaic__indole__gin__seed2026,bxaic,indole,gin,2026,atom_occlusion,0.2,0.33003895205438244,0.21298198177985175,0.8991536674335245,0.6030254101463749,0.0,0.21052631578947367
bxaic__indole__gin__seed2026,bxaic,indole,gin,2026,atom_occlusion,0.5,0.037165141902553926,0.5081667780172197,0.5842153796305615,0.5638041007833324,0.0,0.5
bxaic__indole__gin__seed2026,bxaic,indole,gin,2026,saliency,0.2,0.4381097899573807,0.21298198177985175,0.7663586484395903,0.46513209029387764,0.0,0.21052631578947367
bxaic__indole__gin__seed2026,bxaic,indole,gin,2026,saliency,0.5,0.16843119357331596,0.5081667780172197,0.4994926150869373,0.44631087999328517,0.0,0.5
bxaic__indole__gin__seed2026,bxaic,indole,gin,2026,ig,0.2,0.46358453378621217,0.21298198177985175,0.7335286806242974,0.4367816647700675,,0.21052631578947367
bxaic__indole__gin__seed2026,bxaic,indole,gin,2026,ig,0.5,0.15764902120478733,0.5081667780172197,0.5101038337761199,0.4594729342115706,,0.5
bxaic__indole__gin__seed2026,bxaic,indole,gin,2026,gradinput,0.2,0.8025839622888892,0.21298198177985175,0.29320918679454383,0.1376187711147966,,0.21052631578947367
bxaic__indole__gin__seed2026,bxaic,indole,gin,2026,gradinput,0.5,0.6604160207435789,0.5081667780172197,0.2120995632220226,0.15169815835350026,,0.5
bxaic__indole__gin__seed42,bxaic,indole,gin,42,atom_occlusion,0.2,0.3213261244460487,0.21298198177985175,0.9037524091420831,0.6110897548019706,0.0,0.21052631578947367
bxaic__indole__gin__seed42,bxaic,indole,gin,42,atom_occlusion,0.5,0.03262439900230913,0.5081667780172197,0.5874460701130204,0.5692303555390563,0.0,0.5
bxaic__indole__gin__seed42,bxaic,indole,gin,42,saliency,0.2,0.4710478569236014,0.21298198177985175,0.715801251344554,0.4299214886957938,0.0,0.21052631578947367
bxaic__indole__gin__seed42,bxaic,indole,gin,42,saliency,0.5,0.12871114628017716,0.5081667780172197,0.5242571893311582,0.48147096304462517,0.0,0.5
bxaic__indole__gin__seed42,bxaic,indole,gin,42,ig,0.2,0.5002795979311951,0.21298198177985175,0.6988714487296992,0.4019287912623642,,0.21052631578947367
bxaic__indole__gin__seed42,bxaic,indole,gin,42,ig,0.5,0.18320806281688798,0.5081667780172197,0.49497683731600217,0.4390952454348906,,0.5
bxaic__indole__gin__seed42,bxaic,indole,gin,42,gradinput,0.2,0.6863252105130828,0.21298198177985175,0.4307377195628441,0.22976844376848893,,0.21052631578947367
bxaic__indole__gin__seed42,bxaic,indole,gin,42,gradinput,0.5,0.5270900914241466,0.5081667780172197,0.290192033366543,0.22293833767641005,,0.5
bxaic__P__gcn__seed123,bxaic,P,gcn,123,atom_occlusion,0.2,0.0,0.21389022608176333,0.20367438499800047,0.20367438499800047,0.0,0.21089696071163824
bxaic__P__gcn__seed123,bxaic,P,gcn,123,atom_occlusion,0.5,0.0,0.5084178353449673,0.0860532702532166,0.0860532702532166,0.0,0.5
bxaic__P__gcn__seed123,bxaic,P,gcn,123,saliency,0.2,0.0,0.21389022608176333,0.20367438499800047,0.20367438499800047,0.0,0.21089696071163824
bxaic__P__gcn__seed123,bxaic,P,gcn,123,saliency,0.5,0.0,0.5084178353449673,0.0860532702532166,0.0860532702532166,0.0,0.5
bxaic__P__gcn__seed123,bxaic,P,gcn,123,ig,0.2,0.0,0.21389022608176333,0.20367438499800047,0.20367438499800047,,0.21089696071163824
bxaic__P__gcn__seed123,bxaic,P,gcn,123,ig,0.5,0.0,0.5084178353449673,0.0860532702532166,0.0860532702532166,,0.5
bxaic__P__gcn__seed123,bxaic,P,gcn,123,gradinput,0.2,0.0,0.21389022608176333,0.20367438499800047,0.20367438499800047,,0.21089696071163824
bxaic__P__gcn__seed123,bxaic,P,gcn,123,gradinput,0.5,0.0,0.5084178353449673,0.0860532702532166,0.0860532702532166,,0.5
bxaic__P__gcn__seed2026,bxaic,P,gcn,2026,atom_occlusion,0.2,0.0,0.21389022608176333,0.20367438499800047,0.20367438499800047,0.0,0.21089696071163824
bxaic__P__gcn__seed2026,bxaic,P,gcn,2026,atom_occlusion,0.5,0.0,0.5084178353449673,0.0860532702532166,0.0860532702532166,0.0,0.5
bxaic__P__gcn__seed2026,bxaic,P,gcn,2026,saliency,0.2,0.004702194357366771,0.21389022608176333,0.20290374758943203,0.20290374758943203,0.0,0.21089696071163824
bxaic__P__gcn__seed2026,bxaic,P,gcn,2026,saliency,0.5,0.0,0.5084178353449673,0.0860532702532166,0.0860532702532166,0.0,0.5
bxaic__P__gcn__seed2026,bxaic,P,gcn,2026,ig,0.2,0.0,0.21389022608176333,0.20367438499800047,0.20367438499800047,,0.21089696071163824
bxaic__P__gcn__seed2026,bxaic,P,gcn,2026,ig,0.5,0.0,0.5084178353449673,0.0860532702532166,0.0860532702532166,,0.5
bxaic__P__gcn__seed2026,bxaic,P,gcn,2026,gradinput,0.2,0.0,0.21389022608176333,0.20367438499800047,0.20367438499800047,,0.21089696071163824
bxaic__P__gcn__seed2026,bxaic,P,gcn,2026,gradinput,0.5,0.0,0.5084178353449673,0.0860532702532166,0.0860532702532166,,0.5
bxaic__P__gcn__seed42,bxaic,P,gcn,42,atom_occlusion,0.2,0.0,0.21389022608176333,0.20367438499800047,0.20367438499800047,0.0,0.21089696071163824
bxaic__P__gcn__seed42,bxaic,P,gcn,42,atom_occlusion,0.5,0.0,0.5084178353449673,0.0860532702532166,0.0860532702532166,0.0,0.5
bxaic__P__gcn__seed42,bxaic,P,gcn,42,saliency,0.2,0.0,0.21389022608176333,0.20367438499800047,0.20367438499800047,0.0,0.21089696071163824
bxaic__P__gcn__seed42,bxaic,P,gcn,42,saliency,0.5,0.0,0.5084178353449673,0.0860532702532166,0.0860532702532166,0.0,0.5
bxaic__P__gcn__seed42,bxaic,P,gcn,42,ig,0.2,0.0,0.21389022608176333,0.20367438499800047,0.20367438499800047,,0.21089696071163824
bxaic__P__gcn__seed42,bxaic,P,gcn,42,ig,0.5,0.0,0.5084178353449673,0.0860532702532166,0.0860532702532166,,0.5
bxaic__P__gcn__seed42,bxaic,P,gcn,42,gradinput,0.2,0.0,0.21389022608176333,0.20367438499800047,0.20367438499800047,,0.21089696071163824
bxaic__P__gcn__seed42,bxaic,P,gcn,42,gradinput,0.5,0.0,0.5084178353449673,0.0860532702532166,0.0860532702532166,,0.5
bxaic__P__gin__seed123,bxaic,P,gin,123,atom_occlusion,0.2,0.0,0.21389022608176333,0.20367438499800047,0.20367438499800047,0.0,0.21089696071163824
bxaic__P__gin__seed123,bxaic,P,gin,123,atom_occlusion,0.5,0.0,0.5084178353449673,0.0860532702532166,0.0860532702532166,0.0,0.5
bxaic__P__gin__seed123,bxaic,P,gin,123,saliency,0.2,0.0031497238393790117,0.21389022608176333,0.20158452083917083,0.20102722373014958,0.0,0.21089696071163824
bxaic__P__gin__seed123,bxaic,P,gin,123,saliency,0.5,0.0,0.5084178353449673,0.0860532702532166,0.0860532702532166,0.0,0.5
bxaic__P__gin__seed123,bxaic,P,gin,123,ig,0.2,0.0,0.21389022608176333,0.20367438499800047,0.20367438499800047,,0.21089696071163824
bxaic__P__gin__seed123,bxaic,P,gin,123,ig,0.5,0.0,0.5084178353449673,0.0860532702532166,0.0860532702532166,,0.5
bxaic__P__gin__seed123,bxaic,P,gin,123,gradinput,0.2,0.0,0.21389022608176333,0.20367438499800047,0.20367438499800047,,0.21089696071163824
bxaic__P__gin__seed123,bxaic,P,gin,123,gradinput,0.5,0.0,0.5084178353449673,0.0860532702532166,0.0860532702532166,,0.5
bxaic__P__gin__seed2026,bxaic,P,gin,2026,atom_occlusion,0.2,0.0,0.21389022608176333,0.20367438499800047,0.20367438499800047,0.0,0.21089696071163824
bxaic__P__gin__seed2026,bxaic,P,gin,2026,atom_occlusion,0.5,0.0,0.5084178353449673,0.0860532702532166,0.0860532702532166,0.0,0.5
bxaic__P__gin__seed2026,bxaic,P,gin,2026,saliency,0.2,0.0,0.21389022608176333,0.20367438499800047,0.20367438499800047,0.0,0.21089696071163824
bxaic__P__gin__seed2026,bxaic,P,gin,2026,saliency,0.5,0.0,0.5084178353449673,0.0860532702532166,0.0860532702532166,0.0,0.5
bxaic__P__gin__seed2026,bxaic,P,gin,2026,ig,0.2,0.0,0.21389022608176333,0.20367438499800047,0.20367438499800047,,0.21089696071163824
bxaic__P__gin__seed2026,bxaic,P,gin,2026,ig,0.5,0.0,0.5084178353449673,0.0860532702532166,0.0860532702532166,,0.5
bxaic__P__gin__seed2026,bxaic,P,gin,2026,gradinput,0.2,0.0,0.21389022608176333,0.20367438499800047,0.20367438499800047,,0.21089696071163824
bxaic__P__gin__seed2026,bxaic,P,gin,2026,gradinput,0.5,0.0,0.5084178353449673,0.0860532702532166,0.0860532702532166,,0.5
bxaic__P__gin__seed42,bxaic,P,gin,42,atom_occlusion,0.2,0.0,0.21389022608176333,0.20367438499800047,0.20367438499800047,0.0,0.21089696071163824
bxaic__P__gin__seed42,bxaic,P,gin,42,atom_occlusion,0.5,0.0,0.5084178353449673,0.0860532702532166,0.0860532702532166,0.0,0.5
bxaic__P__gin__seed42,bxaic,P,gin,42,saliency,0.2,0.0,0.21389022608176333,0.20367438499800047,0.20367438499800047,0.0,0.21089696071163824
bxaic__P__gin__seed42,bxaic,P,gin,42,saliency,0.5,0.0,0.5084178353449673,0.0860532702532166,0.0860532702532166,0.0,0.5
bxaic__P__gin__seed42,bxaic,P,gin,42,ig,0.2,0.0,0.21389022608176333,0.20367438499800047,0.20367438499800047,,0.21089696071163824
bxaic__P__gin__seed42,bxaic,P,gin,42,ig,0.5,0.0,0.5084178353449673,0.0860532702532166,0.0860532702532166,,0.5
bxaic__P__gin__seed42,bxaic,P,gin,42,gradinput,0.2,0.0,0.21389022608176333,0.20367438499800047,0.20367438499800047,,0.21089696071163824
bxaic__P__gin__seed42,bxaic,P,gin,42,gradinput,0.5,0.0,0.5084178353449673,0.0860532702532166,0.0860532702532166,,0.5
bxaic__PAINS__gcn__seed123,bxaic,PAINS,gcn,123,atom_occlusion,0.2,0.5848915018766053,0.21478501950888526,0.6058475952802646,0.3258122924204063,0.0,0.21428571428571427
bxaic__PAINS__gcn__seed123,bxaic,PAINS,gcn,123,atom_occlusion,0.5,0.3165669350098092,0.5087168007244234,0.4452306190156793,0.36760257913949573,0.0,0.5
bxaic__PAINS__gcn__seed123,bxaic,PAINS,gcn,123,saliency,0.2,0.7256457000340967,0.21478501950888526,0.3620400561646627,0.18179320930664353,0.0,0.21428571428571427
bxaic__PAINS__gcn__seed123,bxaic,PAINS,gcn,123,saliency,0.5,0.413314250144456,0.5087168007244234,0.3714632443453303,0.289237423236842,0.0,0.5
bxaic__PAINS__gcn__seed123,bxaic,PAINS,gcn,123,ig,0.2,0.6835458342234673,0.21478501950888526,0.42238383467128404,0.20900213551092608,,0.21428571428571427
bxaic__PAINS__gcn__seed123,bxaic,PAINS,gcn,123,ig,0.5,0.40766855812084307,0.5087168007244234,0.3755632774893731,0.2881375190080589,,0.5
bxaic__PAINS__gcn__seed123,bxaic,PAINS,gcn,123,gradinput,0.2,0.7280697017416949,0.21478501950888526,0.41771374357502583,0.1978367184413517,,0.21428571428571427
bxaic__PAINS__gcn__seed123,bxaic,PAINS,gcn,123,gradinput,0.5,0.44668032080968373,0.5087168007244234,0.3745641855333951,0.28797966918607587,,0.5
bxaic__PAINS__gcn__seed2026,bxaic,PAINS,gcn,2026,atom_occlusion,0.2,0.6045038780378448,0.21478501950888526,0.5572236300954448,0.2982901806598182,0.0,0.21428571428571427
bxaic__PAINS__gcn__seed2026,bxaic,PAINS,gcn,2026,atom_occlusion,0.5,0.31887326801128185,0.5087168007244234,0.4387886014997777,0.36154019306144103,0.0,0.5
bxaic__PAINS__gcn__seed2026,bxaic,PAINS,gcn,2026,saliency,0.2,0.7517877122347218,0.21478501950888526,0.36395786730470786,0.18676614543708123,0.0,0.21428571428571427
bxaic__PAINS__gcn__seed2026,bxaic,PAINS,gcn,2026,saliency,0.5,0.38656004236753827,0.5087168007244234,0.39011951084672025,0.31711439016960496,0.0,0.5
bxaic__PAINS__gcn__seed2026,bxaic,PAINS,gcn,2026,ig,0.2,0.6587230921610724,0.21478501950888526,0.46169929008350374,0.23287679758850077,,0.21428571428571427
bxaic__PAINS__gcn__seed2026,bxaic,PAINS,gcn,2026,ig,0.5,0.3847906348929984,0.5087168007244234,0.3900259992803936,0.3033360388129307,,0.5
bxaic__PAINS__gcn__seed2026,bxaic,PAINS,gcn,2026,gradinput,0.2,0.698561848178912,0.21478501950888526,0.43900054726298054,0.21182793102024214,,0.21428571428571427
bxaic__PAINS__gcn__seed2026,bxaic,PAINS,gcn,2026,gradinput,0.5,0.4521799891245991,0.5087168007244234,0.36098927753546683,0.27310827855022474,,0.5
bxaic__PAINS__gcn__seed42,bxaic,PAINS,gcn,42,atom_occlusion,0.2,0.5937652521458184,0.21478501950888526,0.5687019231406563,0.30029714827203924,0.0,0.21428571428571427
bxaic__PAINS__gcn__seed42,bxaic,PAINS,gcn,42,atom_occlusion,0.5,0.29543534550052764,0.5087168007244234,0.45310182296319723,0.37375719761107207,0.0,0.5
bxaic__PAINS__gcn__seed42,bxaic,PAINS,gcn,42,saliency,0.2,0.6725651784483435,0.21478501950888526,0.46100802377199246,0.24025555012092142,0.0,0.21428571428571427
bxaic__PAINS__gcn__seed42,bxaic,PAINS,gcn,42,saliency,0.5,0.34841107331033405,0.5087168007244234,0.413010132073172,0.33420435523382713,0.0,0.5
bxaic__PAINS__gcn__seed42,bxaic,PAINS,gcn,42,ig,0.2,0.7380470693190322,0.21478501950888526,0.40850452017024286,0.19263133377538066,,0.21428571428571427
bxaic__PAINS__gcn__seed42,bxaic,PAINS,gcn,42,ig,0.5,0.42966137361920786,0.5087168007244234,0.3908676030238364,0.30411573835204314,,0.5
bxaic__PAINS__gcn__seed42,bxaic,PAINS,gcn,42,gradinput,0.2,0.7555025152584035,0.21478501950888526,0.3722873680170936,0.17728755697813678,,0.21428571428571427
bxaic__PAINS__gcn__seed42,bxaic,PAINS,gcn,42,gradinput,0.5,0.4813722402160729,0.5087168007244234,0.343475985308564,0.261304107387467,,0.5
bxaic__PAINS__gin__seed123,bxaic,PAINS,gin,123,atom_occlusion,0.2,0.4362098234412914,0.21478501950888526,0.7955798113493147,0.4821631300064659,0.0,0.21428571428571427
bxaic__PAINS__gin__seed123,bxaic,PAINS,gin,123,atom_occlusion,0.5,0.14962198927035175,0.5087168007244234,0.5513315965366451,0.4992348564412404,0.0,0.5
bxaic__PAINS__gin__seed123,bxaic,PAINS,gin,123,saliency,0.2,0.5454233375052608,0.21478501950888526,0.6435104475903376,0.35372111113112964,0.0,0.21428571428571427
bxaic__PAINS__gin__seed123,bxaic,PAINS,gin,123,saliency,0.5,0.22740837310405654,0.5087168007244234,0.5007570644380555,0.42938484288355244,0.0,0.5
bxaic__PAINS__gin__seed123,bxaic,PAINS,gin,123,ig,0.2,0.608455432735569,0.21478501950888526,0.5348096385659719,0.28207706126185317,,0.21428571428571427
bxaic__PAINS__gin__seed123,bxaic,PAINS,gin,123,ig,0.5,0.2804851543959134,0.5087168007244234,0.4574141166280229,0.378538091132519,,0.5
bxaic__PAINS__gin__seed123,bxaic,PAINS,gin,123,gradinput,0.2,0.7066649470841255,0.21478501950888526,0.48364840809700815,0.24226734430641514,,0.21428571428571427
bxaic__PAINS__gin__seed123,bxaic,PAINS,gin,123,gradinput,0.5,0.4927720862408779,0.5087168007244234,0.36597573487782853,0.2900059450984537,,0.5
bxaic__PAINS__gin__seed2026,bxaic,PAINS,gin,2026,atom_occlusion,0.2,0.45439034466524664,0.21478501950888526,0.7775429739028642,0.46517606358332014,0.0,0.21428571428571427
bxaic__PAINS__gin__seed2026,bxaic,PAINS,gin,2026,atom_occlusion,0.5,0.15826357084626672,0.5087168007244234,0.549902956864932,0.49485131158124673,0.0,0.5
bxaic__PAINS__gin__seed2026,bxaic,PAINS,gin,2026,saliency,0.2,0.5728451280063108,0.21478501950888526,0.5978519189812354,0.3269237499434782,0.0,0.21428571428571427
bxaic__PAINS__gin__seed2026,bxaic,PAINS,gin,2026,saliency,0.5,0.24476796286995492,0.5087168007244234,0.4869765956474047,0.41530044373297575,0.0,0.5
bxaic__PAINS__gin__seed2026,bxaic,PAINS,gin,2026,ig,0.2,0.525771004043988,0.21478501950888526,0.6807359709166222,0.38210274624987356,,0.21428571428571427
bxaic__PAINS__gin__seed2026,bxaic,PAINS,gin,2026,ig,0.5,0.22973175481731078,0.5087168007244234,0.49732180759831357,0.42217511278541864,,0.5
bxaic__PAINS__gin__seed2026,bxaic,PAINS,gin,2026,gradinput,0.2,0.7372493281931769,0.21478501950888526,0.4414149921788873,0.21185350899480215,,0.21428571428571427
bxaic__PAINS__gin__seed2026,bxaic,PAINS,gin,2026,gradinput,0.5,0.5236204325698418,0.5087168007244234,0.345029843224028,0.26549554824864313,,0.5
bxaic__PAINS__gin__seed42,bxaic,PAINS,gin,42,atom_occlusion,0.2,0.4342104767653413,0.21478501950888526,0.8141836175679726,0.49416444254422653,0.0,0.21428571428571427
bxaic__PAINS__gin__seed42,bxaic,PAINS,gin,42,atom_occlusion,0.5,0.12624350533430273,0.5087168007244234,0.5729310105038995,0.5258157122706613,0.0,0.5
bxaic__PAINS__gin__seed42,bxaic,PAINS,gin,42,saliency,0.2,0.5469706249428389,0.21478501950888526,0.6441578885113035,0.35891039973691274,0.0,0.21428571428571427
bxaic__PAINS__gin__seed42,bxaic,PAINS,gin,42,saliency,0.5,0.2112285952484479,0.5087168007244234,0.5121018014720522,0.4461646830983865,0.0,0.5
bxaic__PAINS__gin__seed42,bxaic,PAINS,gin,42,ig,0.2,0.5603485757426134,0.21478501950888526,0.6623231460128189,0.3609635570361391,,0.21428571428571427
bxaic__PAINS__gin__seed42,bxaic,PAINS,gin,42,ig,0.5,0.2760610564427851,0.5087168007244234,0.478127610710009,0.399970328154405,,0.5
bxaic__PAINS__gin__seed42,bxaic,PAINS,gin,42,gradinput,0.2,0.7282834695069376,0.21478501950888526,0.4408542636319739,0.217367889019385,,0.21428571428571427
bxaic__PAINS__gin__seed42,bxaic,PAINS,gin,42,gradinput,0.5,0.5076196001864348,0.5087168007244234,0.3442554255491326,0.2683301795743599,,0.5
bxaic__rings-count__gcn__seed123,bxaic,rings-count,gcn,123,atom_occlusion,0.2,0.8836284422388867,0.21394583902698536,0.3809013984214823,0.10520343993959384,0.0,0.21212121212121213
bxaic__rings-count__gcn__seed123,bxaic,rings-count,gcn,123,atom_occlusion,0.5,0.5693822448160343,0.5086626016905199,0.5641264723040462,0.33905829338918636,0.0,0.5
bxaic__rings-count__gcn__seed123,bxaic,rings-count,gcn,123,saliency,0.2,0.811582526374546,0.21394583902698536,0.5825468239549058,0.17195197075660787,0.0,0.21212121212121213
bxaic__rings-count__gcn__seed123,bxaic,rings-count,gcn,123,saliency,0.5,0.5277617887072292,0.5086626016905199,0.6063451258614272,0.3685326104001286,0.0,0.5
bxaic__rings-count__gcn__seed123,bxaic,rings-count,gcn,123,ig,0.2,0.8741273695395494,0.21394583902698536,0.40792697778452147,0.11143239357805802,,0.21212121212121213
bxaic__rings-count__gcn__seed123,bxaic,rings-count,gcn,123,ig,0.5,0.5467574558266218,0.5086626016905199,0.5850927985971094,0.35158142350049076,,0.5
bxaic__rings-count__gcn__seed123,bxaic,rings-count,gcn,123,gradinput,0.2,0.8697854017251487,0.21394583902698536,0.4182026753067721,0.11554130655283354,,0.21212121212121213
bxaic__rings-count__gcn__seed123,bxaic,rings-count,gcn,123,gradinput,0.5,0.5540484587450201,0.5086626016905199,0.5781898808758179,0.34598024493472224,,0.5
bxaic__rings-count__gcn__seed2026,bxaic,rings-count,gcn,2026,atom_occlusion,0.2,0.8759437479062958,0.21394583902698536,0.4008728315135047,0.11375060573045896,0.0,0.21212121212121213
bxaic__rings-count__gcn__seed2026,bxaic,rings-count,gcn,2026,atom_occlusion,0.5,0.5862748131852142,0.5086626016905199,0.5461887098244158,0.3314061267190273,0.0,0.5
bxaic__rings-count__gcn__seed2026,bxaic,rings-count,gcn,2026,saliency,0.2,0.724166236757072,0.21394583902698536,0.8062942678899586,0.26012151150608925,0.0,0.21212121212121213
bxaic__rings-count__gcn__seed2026,bxaic,rings-count,gcn,2026,saliency,0.5,0.3714403925072366,0.5086626016905199,0.7791017490784418,0.5304691492111476,0.0,0.5
bxaic__rings-count__gcn__seed2026,bxaic,rings-count,gcn,2026,ig,0.2,0.85208916319805,0.21394583902698536,0.4662861651626048,0.1312544741067745,,0.21212121212121213
bxaic__rings-count__gcn__seed2026,bxaic,rings-count,gcn,2026,ig,0.5,0.545730307837119,0.5086626016905199,0.585936159529537,0.3509554465633339,,0.5
bxaic__rings-count__gcn__seed2026,bxaic,rings-count,gcn,2026,gradinput,0.2,0.8450285891789254,0.21394583902698536,0.4845134554564765,0.13909473078665383,,0.21212121212121213
bxaic__rings-count__gcn__seed2026,bxaic,rings-count,gcn,2026,gradinput,0.5,0.5780728039837782,0.5086626016905199,0.5518482546658161,0.33340047621441177,,0.5
bxaic__rings-count__gcn__seed42,bxaic,rings-count,gcn,42,atom_occlusion,0.2,0.8783958433582767,0.21394583902698536,0.3972686419883922,0.11143105469897704,0.0,0.21212121212121213
bxaic__rings-count__gcn__seed42,bxaic,rings-count,gcn,42,atom_occlusion,0.5,0.5685030262516267,0.5086626016905199,0.5669617622119016,0.34260677076688767,0.0,0.5
bxaic__rings-count__gcn__seed42,bxaic,rings-count,gcn,42,saliency,0.2,0.8189544611703173,0.21394583902698536,0.5529887673061789,0.1631310172582536,0.0,0.21212121212121213
bxaic__rings-count__gcn__seed42,bxaic,rings-count,gcn,42,saliency,0.5,0.5543404093998326,0.5086626016905199,0.5721838130591259,0.34123691166775916,0.0,0.5
bxaic__rings-count__gcn__seed42,bxaic,rings-count,gcn,42,ig,0.2,0.846805283249323,0.21394583902698536,0.4813623244992837,0.13641297205905537,,0.21212121212121213
bxaic__rings-count__gcn__seed42,bxaic,rings-count,gcn,42,ig,0.5,0.5518075953761384,0.5086626016905199,0.581109374931619,0.3477603566602049,,0.5
bxaic__rings-count__gcn__seed42,bxaic,rings-count,gcn,42,gradinput,0.2,0.8117740519634347,0.21394583902698536,0.5718551380711387,0.16814000685159905,,0.21212121212121213
bxaic__rings-count__gcn__seed42,bxaic,rings-count,gcn,42,gradinput,0.5,0.5377069918172457,0.5086626016905199,0.5936873987376469,0.358978024657612,,0.5
bxaic__rings-count__gin__seed123,bxaic,rings-count,gin,123,atom_occlusion,0.2,0.8984060290857486,0.21394583902698536,0.34209905885546965,0.09684990107514108,0.0,0.21212121212121213
bxaic__rings-count__gin__seed123,bxaic,rings-count,gin,123,atom_occlusion,0.5,0.5859662558502993,0.5086626016905199,0.5434546042733263,0.3279258173508409,0.0,0.5
bxaic__rings-count__gin__seed123,bxaic,rings-count,gin,123,saliency,0.2,0.7293450422802743,0.21394583902698536,0.8005783514708539,0.2557927622830838,0.0,0.21212121212121213
bxaic__rings-count__gin__seed123,bxaic,rings-count,gin,123,saliency,0.5,0.38365292419457414,0.5086626016905199,0.7698718675275263,0.5210371573688201,0.0,0.5
bxaic__rings-count__gin__seed123,bxaic,rings-count,gin,123,ig,0.2,0.8723311850319148,0.21394583902698536,0.42076137791781887,0.11858147990983696,,0.21212121212121213
bxaic__rings-count__gin__seed123,bxaic,rings-count,gin,123,ig,0.5,0.5715170048337558,0.5086626016905199,0.5646868659297076,0.34012555440749975,,0.5
bxaic__rings-count__gin__seed123,bxaic,rings-count,gin,123,gradinput,0.2,0.8343202563339817,0.21394583902698536,0.512413843422173,0.15159855389496615,,0.21212121212121213
bxaic__rings-count__gin__seed123,bxaic,rings-count,gin,123,gradinput,0.5,0.5462757747257313,0.5086626016905199,0.5848973246546286,0.35618969384484966,,0.5
bxaic__rings-count__gin__seed2026,bxaic,rings-count,gin,2026,atom_occlusion,0.2,0.8964742727212204,0.21394583902698536,0.3450604343890831,0.09808756968243869,0.0,0.21212121212121213
bxaic__rings-count__gin__seed2026,bxaic,rings-count,gin,2026,atom_occlusion,0.5,0.5906297456424706,0.5086626016905199,0.5389644257051799,0.324723663345015,0.0,0.5
bxaic__rings-count__gin__seed2026,bxaic,rings-count,gin,2026,saliency,0.2,0.7118843920599066,0.21394583902698536,0.8372639959151288,0.27208695148923645,0.0,0.21212121212121213
bxaic__rings-count__gin__seed2026,bxaic,rings-count,gin,2026,saliency,0.5,0.3444473339067249,0.5086626016905199,0.8062530739940256,0.5584046848701238,0.0,0.5
bxaic__rings-count__gin__seed2026,bxaic,rings-count,gin,2026,ig,0.2,0.901486103870923,0.21394583902698536,0.3362587524504838,0.09357713264707689,,0.21212121212121213
bxaic__rings-count__gin__seed2026,bxaic,rings-count,gin,2026,ig,0.5,0.5885741740923045,0.5086626016905199,0.5474497255956389,0.32988422229997927,,0.5
bxaic__rings-count__gin__seed2026,bxaic,rings-count,gin,2026,gradinput,0.2,0.8840422056644808,0.21394583902698536,0.38018245159326075,0.10759155923026327,,0.21212121212121213
bxaic__rings-count__gin__seed2026,bxaic,rings-count,gin,2026,gradinput,0.5,0.5815783582870827,0.5086626016905199,0.5533218737722961,0.3334815782318799,,0.5
bxaic__rings-count__gin__seed42,bxaic,rings-count,gin,42,atom_occlusion,0.2,0.895304114728594,0.21394583902698536,0.34971656836256876,0.09962661245504296,0.0,0.21212121212121213
bxaic__rings-count__gin__seed42,bxaic,rings-count,gin,42,atom_occlusion,0.5,0.5761001290556335,0.5086626016905199,0.5546063969353244,0.33624712869821904,0.0,0.5
bxaic__rings-count__gin__seed42,bxaic,rings-count,gin,42,saliency,0.2,0.7383466342089147,0.21394583902698536,0.7776777535073817,0.24535019946750292,0.0,0.21212121212121213
bxaic__rings-count__gin__seed42,bxaic,rings-count,gin,42,saliency,0.5,0.3911090202414274,0.5086626016905199,0.7600978898713163,0.5112202391349111,0.0,0.5
bxaic__rings-count__gin__seed42,bxaic,rings-count,gin,42,ig,0.2,0.8970288044289497,0.21394583902698536,0.34591088887717814,0.09829494152306303,,0.21212121212121213
bxaic__rings-count__gin__seed42,bxaic,rings-count,gin,42,ig,0.5,0.5906673219900079,0.5086626016905199,0.544775520668524,0.32951753522753074,,0.5
bxaic__rings-count__gin__seed42,bxaic,rings-count,gin,42,gradinput,0.2,0.8475906946825241,0.21394583902698536,0.4797460458942352,0.13955795590171155,,0.21212121212121213
bxaic__rings-count__gin__seed42,bxaic,rings-count,gin,42,gradinput,0.5,0.5454297701949441,0.5086626016905199,0.587808813734388,0.3591888669700678,,0.5
bxaic__rings-max__gcn__seed123,bxaic,rings-max,gcn,123,atom_occlusion,0.2,0.5988522397791669,0.20993898151219326,0.5048258892833293,0.3003419339691498,0.0,0.20689655172413793
bxaic__rings-max__gcn__seed123,bxaic,rings-max,gcn,123,atom_occlusion,0.5,0.2657331125823763,0.5059691832367309,0.386426745646342,0.34461389165275497,0.0,0.5
bxaic__rings-max__gcn__seed123,bxaic,rings-max,gcn,123,saliency,0.2,0.7852117362066459,0.20993898151219326,0.2587015801727621,0.1505863362396638,0.0,0.20689655172413793
bxaic__rings-max__gcn__seed123,bxaic,rings-max,gcn,123,saliency,0.5,0.4238680213971426,0.5059691832367309,0.3004292989389495,0.25641944641729014,0.0,0.5
bxaic__rings-max__gcn__seed123,bxaic,rings-max,gcn,123,ig,0.2,0.6317239733397318,0.20993898151219326,0.46462657561755766,0.2703894240177082,,0.20689655172413793
bxaic__rings-max__gcn__seed123,bxaic,rings-max,gcn,123,ig,0.5,0.34281430785465133,0.5059691832367309,0.34677980115072154,0.29404284620363086,,0.5
bxaic__rings-max__gcn__seed123,bxaic,rings-max,gcn,123,gradinput,0.2,0.6648283969271137,0.20993898151219326,0.4269231781717399,0.24387317601790467,,0.20689655172413793
bxaic__rings-max__gcn__seed123,bxaic,rings-max,gcn,123,gradinput,0.5,0.335609520001208,0.5059691832367309,0.3475182722710271,0.29414364872309995,,0.5
bxaic__rings-max__gcn__seed2026,bxaic,rings-max,gcn,2026,atom_occlusion,0.2,0.6178413781702498,0.20993898151219326,0.48295967029662074,0.2839017608960475,0.0,0.20689655172413793
bxaic__rings-max__gcn__seed2026,bxaic,rings-max,gcn,2026,atom_occlusion,0.5,0.2703187503248684,0.5059691832367309,0.3809203548789902,0.33911918735735447,0.0,0.5
bxaic__rings-max__gcn__seed2026,bxaic,rings-max,gcn,2026,saliency,0.2,0.859666657894097,0.20993898151219326,0.185079083985785,0.09367300740208202,0.0,0.20689655172413793
bxaic__rings-max__gcn__seed2026,bxaic,rings-max,gcn,2026,saliency,0.5,0.5594546287080898,0.5059691832367309,0.2372865148612773,0.1877126534882362,0.0,0.5
bxaic__rings-max__gcn__seed2026,bxaic,rings-max,gcn,2026,ig,0.2,0.8031180932438998,0.20993898151219326,0.24783585603512506,0.12971594087075633,,0.20689655172413793
bxaic__rings-max__gcn__seed2026,bxaic,rings-max,gcn,2026,ig,0.5,0.4335177223908283,0.5059691832367309,0.29560832847569435,0.24154426120347494,,0.5
bxaic__rings-max__gcn__seed2026,bxaic,rings-max,gcn,2026,gradinput,0.2,0.6837107972752371,0.20993898151219326,0.400547750184252,0.22616815350175928,,0.20689655172413793
bxaic__rings-max__gcn__seed2026,bxaic,rings-max,gcn,2026,gradinput,0.5,0.3778433865909635,0.5059691832367309,0.323605477255675,0.2699225853032739,,0.5
bxaic__rings-max__gcn__seed42,bxaic,rings-max,gcn,42,atom_occlusion,0.2,0.614007026832846,0.20993898151219326,0.4832732951153379,0.2925213937158639,0.0,0.20689655172413793
bxaic__rings-max__gcn__seed42,bxaic,rings-max,gcn,42,atom_occlusion,0.5,0.23600248326053322,0.5059691832367309,0.39980686580545144,0.364684893458443,0.0,0.5
bxaic__rings-max__gcn__seed42,bxaic,rings-max,gcn,42,saliency,0.2,0.8508324830609428,0.20993898151219326,0.19804137720211493,0.09895116935149788,0.0,0.20689655172413793
bxaic__rings-max__gcn__seed42,bxaic,rings-max,gcn,42,saliency,0.5,0.5173422727383915,0.5059691832367309,0.26220981241417335,0.211592132435221,0.0,0.5
bxaic__rings-max__gcn__seed42,bxaic,rings-max,gcn,42,ig,0.2,0.6351818929003887,0.20993898151219326,0.46397824114095776,0.27096811243013186,,0.20689655172413793
bxaic__rings-max__gcn__seed42,bxaic,rings-max,gcn,42,ig,0.5,0.32985707320756863,0.5059691832367309,0.3548882350087537,0.3008326695858742,,0.5
bxaic__rings-max__gcn__seed42,bxaic,rings-max,gcn,42,gradinput,0.2,0.6808112118522407,0.20993898151219326,0.4070471160480051,0.23252462284535674,,0.20689655172413793
bxaic__rings-max__gcn__seed42,bxaic,rings-max,gcn,42,gradinput,0.5,0.35899024069504953,0.5059691832367309,0.3364957233116946,0.28105732560165286,,0.5
bxaic__rings-max__gin__seed123,bxaic,rings-max,gin,123,atom_occlusion,0.2,0.5623001498613123,0.20993898151219326,0.5463920578828894,0.3315099304745416,0.0,0.20689655172413793
bxaic__rings-max__gin__seed123,bxaic,rings-max,gin,123,atom_occlusion,0.5,0.24627808386780262,0.5059691832367309,0.39764024908650664,0.3543146867080568,0.0,0.5
bxaic__rings-max__gin__seed123,bxaic,rings-max,gin,123,saliency,0.2,0.7068489012922017,0.20993898151219326,0.3785977514557773,0.2113560204900158,0.0,0.20689655172413793
bxaic__rings-max__gin__seed123,bxaic,rings-max,gin,123,saliency,0.5,0.3233541341675964,0.5059691832367309,0.36107403342895866,0.3153043321012106,0.0,0.5
bxaic__rings-max__gin__seed123,bxaic,rings-max,gin,123,ig,0.2,0.622984195382829,0.20993898151219326,0.47160647884095735,0.2714151862977087,,0.20689655172413793
bxaic__rings-max__gin__seed123,bxaic,rings-max,gin,123,ig,0.5,0.3245252577972558,0.5059691832367309,0.35852461278946807,0.30638562946913206,,0.5
bxaic__rings-max__gin__seed123,bxaic,rings-max,gin,123,gradinput,0.2,0.7592339659966051,0.20993898151219326,0.3111584207871103,0.1642568633686188,,0.20689655172413793
bxaic__rings-max__gin__seed123,bxaic,rings-max,gin,123,gradinput,0.5,0.45194568169871036,0.5059691832367309,0.2910110292278346,0.23890294370172835,,0.5
bxaic__rings-max__gin__seed2026,bxaic,rings-max,gin,2026,atom_occlusion,0.2,0.6296478104936168,0.20993898151219326,0.47818387487700104,0.2816181169264001,0.0,0.20689655172413793
bxaic__rings-max__gin__seed2026,bxaic,rings-max,gin,2026,atom_occlusion,0.5,0.31424502868205134,0.5059691832367309,0.36558573232458896,0.32059136653114095,0.0,0.5
bxaic__rings-max__gin__seed2026,bxaic,rings-max,gin,2026,saliency,0.2,0.6722239147810294,0.20993898151219326,0.4170698093542593,0.23998923298555744,0.0,0.20689655172413793
bxaic__rings-max__gin__seed2026,bxaic,rings-max,gin,2026,saliency,0.5,0.3100863357580929,0.5059691832367309,0.367724785798882,0.3218762874896773,0.0,0.5
bxaic__rings-max__gin__seed2026,bxaic,rings-max,gin,2026,ig,0.2,0.7721155817178993,0.20993898151219326,0.28911783911749606,0.15415317468025913,,0.20689655172413793
bxaic__rings-max__gin__seed2026,bxaic,rings-max,gin,2026,ig,0.5,0.5439234620237438,0.5059691832367309,0.24100631263969877,0.19264648974725096,,0.5
bxaic__rings-max__gin__seed2026,bxaic,rings-max,gin,2026,gradinput,0.2,0.7695448452636559,0.20993898151219326,0.29220059579045715,0.15770584676368452,,0.20689655172413793
bxaic__rings-max__gin__seed2026,bxaic,rings-max,gin,2026,gradinput,0.5,0.5093311937990761,0.5059691832367309,0.25922633724768973,0.2098055432571068,,0.5
bxaic__rings-max__gin__seed42,bxaic,rings-max,gin,42,atom_occlusion,0.2,0.6217695451662728,0.20993898151219326,0.4672125203410867,0.2794682691561385,0.0,0.20689655172413793
bxaic__rings-max__gin__seed42,bxaic,rings-max,gin,42,atom_occlusion,0.5,0.31354543381823047,0.5059691832367309,0.35895442302155245,0.31005415535908665,0.0,0.5
bxaic__rings-max__gin__seed42,bxaic,rings-max,gin,42,saliency,0.2,0.6652358643254322,0.20993898151219326,0.42823015591500996,0.2424452901470969,0.0,0.20689655172413793
bxaic__rings-max__gin__seed42,bxaic,rings-max,gin,42,saliency,0.5,0.31864580405201487,0.5059691832367309,0.3617504602175937,0.3141496488287929,0.0,0.5
bxaic__rings-max__gin__seed42,bxaic,rings-max,gin,42,ig,0.2,0.8531747384748546,0.20993898151219326,0.1870124080802722,0.09157507787440074,,0.20689655172413793
bxaic__rings-max__gin__seed42,bxaic,rings-max,gin,42,ig,0.5,0.6285685588856235,0.5059691832367309,0.1956716156052828,0.1477697989806213,,0.5
bxaic__rings-max__gin__seed42,bxaic,rings-max,gin,42,gradinput,0.2,0.7443476658889828,0.20993898151219326,0.3250810607491616,0.17756827710773698,,0.20689655172413793
bxaic__rings-max__gin__seed42,bxaic,rings-max,gin,42,gradinput,0.5,0.5290862458201544,0.5059691832367309,0.2505917853450921,0.20257352002262152,,0.5
bxaic__X__gcn__seed123,bxaic,X,gcn,123,atom_occlusion,0.2,0.001392826206787936,0.2141407961866603,0.2852005582638744,0.2838077320570864,0.0,0.21212121212121213
bxaic__X__gcn__seed123,bxaic,X,gcn,123,atom_occlusion,0.5,8.858965272856131e-05,0.5087568602176267,0.1212631707134664,0.12117458106073785,0.0,0.5
bxaic__X__gcn__seed123,bxaic,X,gcn,123,saliency,0.2,0.04800673281360738,0.2141407961866603,0.2525675945270836,0.24664400693269514,0.0,0.21212121212121213
bxaic__X__gcn__seed123,bxaic,X,gcn,123,saliency,0.5,0.0009045987873060871,0.5087568602176267,0.1206533849956013,0.12044346575923023,0.0,0.5
bxaic__X__gcn__seed123,bxaic,X,gcn,123,ig,0.2,0.001392826206787936,0.2141407961866603,0.2852005582638744,0.2838077320570864,,0.21212121212121213
bxaic__X__gcn__seed123,bxaic,X,gcn,123,ig,0.5,8.858965272856131e-05,0.5087568602176267,0.1212631707134664,0.12117458106073785,,0.5
bxaic__X__gcn__seed123,bxaic,X,gcn,123,gradinput,0.2,0.001392826206787936,0.2141407961866603,0.2852005582638744,0.2838077320570864,,0.21212121212121213
bxaic__X__gcn__seed123,bxaic,X,gcn,123,gradinput,0.5,8.858965272856131e-05,0.5087568602176267,0.1212631707134664,0.12117458106073785,,0.5
bxaic__X__gcn__seed2026,bxaic,X,gcn,2026,atom_occlusion,0.2,0.001392826206787936,0.2141407961866603,0.2852005582638744,0.2838077320570864,0.0,0.21212121212121213
bxaic__X__gcn__seed2026,bxaic,X,gcn,2026,atom_occlusion,0.5,8.858965272856131e-05,0.5087568602176267,0.1212631707134664,0.12117458106073785,0.0,0.5
bxaic__X__gcn__seed2026,bxaic,X,gcn,2026,saliency,0.2,0.0624873443353245,0.2141407961866603,0.2459242014999202,0.23930981718355146,0.0,0.21212121212121213
bxaic__X__gcn__seed2026,bxaic,X,gcn,2026,saliency,0.5,0.001472556894243641,0.5087568602176267,0.12041037367471447,0.12017180354832957,0.0,0.5
bxaic__X__gcn__seed2026,bxaic,X,gcn,2026,ig,0.2,0.001392826206787936,0.2141407961866603,0.2852005582638744,0.2838077320570864,,0.21212121212121213
bxaic__X__gcn__seed2026,bxaic,X,gcn,2026,ig,0.5,8.858965272856131e-05,0.5087568602176267,0.1212631707134664,0.12117458106073785,,0.5
bxaic__X__gcn__seed2026,bxaic,X,gcn,2026,gradinput,0.2,0.001392826206787936,0.2141407961866603,0.2852005582638744,0.2838077320570864,,0.21212121212121213
bxaic__X__gcn__seed2026,bxaic,X,gcn,2026,gradinput,0.5,8.858965272856131e-05,0.5087568602176267,0.1212631707134664,0.12117458106073785,,0.5
bxaic__X__gcn__seed42,bxaic,X,gcn,42,atom_occlusion,0.2,0.001392826206787936,0.2141407961866603,0.2852005582638744,0.2838077320570864,0.0,0.21212121212121213
bxaic__X__gcn__seed42,bxaic,X,gcn,42,atom_occlusion,0.5,8.858965272856131e-05,0.5087568602176267,0.1212631707134664,0.12117458106073785,0.0,0.5
bxaic__X__gcn__seed42,bxaic,X,gcn,42,saliency,0.2,0.08688620026323782,0.2141407961866603,0.2328377968029556,0.2264245677373523,0.0,0.21212121212121213
bxaic__X__gcn__seed42,bxaic,X,gcn,42,saliency,0.5,0.00193322308843216,0.5087568602176267,0.12015033172438193,0.11991533311113624,0.0,0.5
bxaic__X__gcn__seed42,bxaic,X,gcn,42,ig,0.2,0.001392826206787936,0.2141407961866603,0.2852005582638744,0.2838077320570864,,0.21212121212121213
bxaic__X__gcn__seed42,bxaic,X,gcn,42,ig,0.5,8.858965272856131e-05,0.5087568602176267,0.1212631707134664,0.12117458106073785,,0.5
bxaic__X__gcn__seed42,bxaic,X,gcn,42,gradinput,0.2,0.001392826206787936,0.2141407961866603,0.2852005582638744,0.2838077320570864,,0.21212121212121213
bxaic__X__gcn__seed42,bxaic,X,gcn,42,gradinput,0.5,8.858965272856131e-05,0.5087568602176267,0.1212631707134664,0.12117458106073785,,0.5
bxaic__X__gin__seed123,bxaic,X,gin,123,atom_occlusion,0.2,0.0014223560910307897,0.2141407961866603,0.28511196861114585,0.2837713875841722,0.0,0.21212121212121213
bxaic__X__gin__seed123,bxaic,X,gin,123,atom_occlusion,0.5,0.00011811953697141509,0.5087568602176267,0.12122379753447592,0.12112687894003783,0.0,0.5
bxaic__X__gin__seed123,bxaic,X,gin,123,saliency,0.2,0.14846107117545815,0.2141407961866603,0.20876130238627688,0.20241530125377688,0.0,0.21212121212121213
bxaic__X__gin__seed123,bxaic,X,gin,123,saliency,0.5,0.003698125836680054,0.5087568602176267,0.11950202258319123,0.11923807357035852,0.0,0.5
bxaic__X__gin__seed123,bxaic,X,gin,123,ig,0.2,0.001392826206787936,0.2141407961866603,0.2852005582638744,0.2838077320570864,,0.21212121212121213
bxaic__X__gin__seed123,bxaic,X,gin,123,ig,0.5,8.858965272856131e-05,0.5087568602176267,0.1212631707134664,0.12117458106073785,,0.5
bxaic__X__gin__seed123,bxaic,X,gin,123,gradinput,0.2,0.003188243168753445,0.2141407961866603,0.28358682039925065,0.28208059176687034,,0.21212121212121213
bxaic__X__gin__seed123,bxaic,X,gin,123,gradinput,0.5,0.0002657689581856839,0.5087568602176267,0.12107417945431213,0.12094424796364357,,0.5
bxaic__X__gin__seed2026,bxaic,X,gin,2026,atom_occlusion,0.2,0.0014814158595164973,0.2141407961866603,0.2849347893056887,0.2837132364275093,0.0,0.21212121212121213
bxaic__X__gin__seed2026,bxaic,X,gin,2026,atom_occlusion,0.5,0.00017717930545712261,0.5087568602176267,0.12114505117649498,0.12105055554691785,0.0,0.5
bxaic__X__gin__seed2026,bxaic,X,gin,2026,saliency,0.2,0.14853573959704364,0.2141407961866603,0.2118321291105409,0.2047742930573115,0.0,0.21212121212121213
bxaic__X__gin__seed2026,bxaic,X,gin,2026,saliency,0.5,0.0033614851563115206,0.5087568602176267,0.11980838583280823,0.11948212246502347,0.0,0.5
bxaic__X__gin__seed2026,bxaic,X,gin,2026,ig,0.2,0.001392826206787936,0.2141407961866603,0.2852005582638744,0.2838077320570864,,0.21212121212121213
bxaic__X__gin__seed2026,bxaic,X,gin,2026,ig,0.5,8.858965272856131e-05,0.5087568602176267,0.1212631707134664,0.12117458106073785,,0.5
bxaic__X__gin__seed2026,bxaic,X,gin,2026,gradinput,0.2,0.003038062614604075,0.2141407961866603,0.28320518180003584,0.2817243987237531,,0.21212121212121213
bxaic__X__gin__seed2026,bxaic,X,gin,2026,gradinput,0.5,0.00023623907394283017,0.5087568602176267,0.12106630481851405,0.12099219059923787,,0.5
bxaic__X__gin__seed42,bxaic,X,gin,42,atom_occlusion,0.2,0.001392826206787936,0.2141407961866603,0.2852005582638744,0.2838077320570864,0.0,0.21212121212121213
bxaic__X__gin__seed42,bxaic,X,gin,42,atom_occlusion,0.5,0.00011811953697141509,0.5087568602176267,0.12122379753447592,0.12112687894003783,0.0,0.5
bxaic__X__gin__seed42,bxaic,X,gin,42,saliency,0.2,0.19294109209949042,0.2141407961866603,0.1931104253870654,0.18671951532854372,0.0,0.21212121212121213
bxaic__X__gin__seed42,bxaic,X,gin,42,saliency,0.5,0.005441373336483188,0.5087568602176267,0.11912158057160528,0.11877750061595392,0.0,0.5
bxaic__X__gin__seed42,bxaic,X,gin,42,ig,0.2,0.001392826206787936,0.2141407961866603,0.2852005582638744,0.2838077320570864,,0.21212121212121213
bxaic__X__gin__seed42,bxaic,X,gin,42,ig,0.5,8.858965272856131e-05,0.5087568602176267,0.1212631707134664,0.12117458106073785,,0.5
bxaic__X__gin__seed42,bxaic,X,gin,42,gradinput,0.2,0.0016206281709470935,0.2141407961866603,0.2847626722661018,0.28348867950557466,,0.21212121212121213
bxaic__X__gin__seed42,bxaic,X,gin,42,gradinput,0.5,0.00017717930545712261,0.5087568602176267,0.12114505117649498,0.12105055554691785,,0.5
google__benzene__gcn__seed123,google,benzene,gcn,123,atom_occlusion,0.2,0.4839909353798243,0.21466854541591687,0.81001001001001,0.4745189979667104,0.0,0.21052631578947367
google__benzene__gcn__seed123,google,benzene,gcn,123,atom_occlusion,0.5,0.08012933568489124,0.5119776375360348,0.6486485736485736,0.6018321348601705,0.0,0.52
google__benzene__gcn__seed123,google,benzene,gcn,123,saliency,0.2,0.4778280264391376,0.21466854541591687,0.8346012679346012,0.49157746804375635,0.0,0.21052631578947367
google__benzene__gcn__seed123,google,benzene,gcn,123,saliency,0.5,0.07815255731922398,0.5119776375360348,0.6523058023058022,0.6070629422667606,0.0,0.52
google__benzene__gcn__seed123,google,benzene,gcn,123,ig,0.2,0.5293615043615043,0.21466854541591687,0.7624624624624625,0.42853361652381255,,0.21052631578947367
google__benzene__gcn__seed123,google,benzene,gcn,123,ig,0.5,0.1366707977819089,0.5119776375360348,0.6106582717693829,0.5505609760210725,,0.52
google__benzene__gcn__seed123,google,benzene,gcn,123,gradinput,0.2,0.4799301285412396,0.21466854541591687,0.8307307307307308,0.483675403197247,,0.21052631578947367
google__benzene__gcn__seed123,google,benzene,gcn,123,gradinput,0.5,0.07998355498355499,0.5119776375360348,0.6506154506154507,0.6043758433550316,,0.52
google__benzene__gcn__seed2026,google,benzene,gcn,2026,atom_occlusion,0.2,0.4691582455471344,0.21466854541591687,0.8339839839839841,0.4930053576295406,0.0,0.21052631578947367
google__benzene__gcn__seed2026,google,benzene,gcn,2026,atom_occlusion,0.5,0.07569156458045347,0.5119776375360348,0.6525376136487248,0.6072016276823639,0.0,0.52
google__benzene__gcn__seed2026,google,benzene,gcn,2026,saliency,0.2,0.4666223763445986,0.21466854541591687,0.8522355689022355,0.5033776425116294,0.0,0.21052631578947367
google__benzene__gcn__seed2026,google,benzene,gcn,2026,saliency,0.5,0.08426561482117038,0.5119776375360348,0.6494434383323272,0.6028254321769972,0.0,0.52
google__benzene__gcn__seed2026,google,benzene,gcn,2026,ig,0.2,0.5255507491618604,0.21466854541591687,0.7564564564564564,0.4306469901198143,,0.21052631578947367
google__benzene__gcn__seed2026,google,benzene,gcn,2026,ig,0.5,0.12105935300379744,0.5119776375360348,0.6208764597653487,0.565722200986219,,0.52
google__benzene__gcn__seed2026,google,benzene,gcn,2026,gradinput,0.2,0.5391462891462891,0.21466854541591687,0.7372872872872872,0.41615937596329755,,0.21052631578947367
google__benzene__gcn__seed2026,google,benzene,gcn,2026,gradinput,0.5,0.1034220728665173,0.5119776375360348,0.6314577286799509,0.5790425040726038,,0.52
google__benzene__gcn__seed42,google,benzene,gcn,42,atom_occlusion,0.2,0.4496428968651191,0.21466854541591687,0.8624124124124124,0.5190430098109837,0.0,0.21052631578947367
google__benzene__gcn__seed42,google,benzene,gcn,42,atom_occlusion,0.5,0.06590260895816452,0.5119776375360348,0.6603220297664742,0.6187607930985984,0.0,0.52
google__benzene__gcn__seed42,google,benzene,gcn,42,saliency,0.2,0.43340165562387784,0.21466854541591687,0.8965965965965966,0.544240750286502,0.0,0.21052631578947367
google__benzene__gcn__seed42,google,benzene,gcn,42,saliency,0.5,0.05672279422279422,0.5119776375360348,0.6697005280338615,0.6314692037731254,0.0,0.52
google__benzene__gcn__seed42,google,benzene,gcn,42,ig,0.2,0.46725773392440056,0.21466854541591687,0.8429429429429428,0.5049393301414286,,0.21052631578947367
google__benzene__gcn__seed42,google,benzene,gcn,42,ig,0.5,0.08836137725026615,0.5119776375360348,0.6443218859885526,0.5968967582228677,,0.52
google__benzene__gcn__seed42,google,benzene,gcn,42,gradinput,0.2,0.47847589653145206,0.21466854541591687,0.8314147480814148,0.4882666922699603,,0.21052631578947367
google__benzene__gcn__seed42,google,benzene,gcn,42,gradinput,0.5,0.09551714412825524,0.5119776375360348,0.6401882762993873,0.5890112901636808,,0.52
google__benzene__gin__seed123,google,benzene,gin,123,atom_occlusion,0.2,0.37212093045426375,0.21466854541591687,0.9788788788788789,0.6225617947840171,0.0,0.21052631578947367
google__benzene__gin__seed123,google,benzene,gin,123,atom_occlusion,0.5,0.03939892273225607,0.5119776375360348,0.6833742361520139,0.6520617185520865,0.0,0.52
google__benzene__gin__seed123,google,benzene,gin,123,saliency,0.2,0.447664529608974,0.21466854541591687,0.8686186186186187,0.524888891869456,0.0,0.21052631578947367
google__benzene__gin__seed123,google,benzene,gin,123,saliency,0.5,0.0677866358421914,0.5119776375360348,0.6593474315696538,0.6168998139672375,0.0,0.52
google__benzene__gin__seed123,google,benzene,gin,123,ig,0.2,0.505915836471392,0.21466854541591687,0.7859526192859527,0.4481860427121864,,0.21052631578947367
google__benzene__gin__seed123,google,benzene,gin,123,ig,0.5,0.11187794937794937,0.5119776375360348,0.6253875614986727,0.5684266058105066,,0.52
google__benzene__gin__seed123,google,benzene,gin,123,gradinput,0.2,0.9030806600251045,0.21466854541591687,0.1651484818151485,0.07669905079175804,,0.21052631578947367
google__benzene__gin__seed123,google,benzene,gin,123,gradinput,0.5,0.7263207652096542,0.5119776375360348,0.21374380818825262,0.14735654743824678,,0.52
google__benzene__gin__seed2026,google,benzene,gin,2026,atom_occlusion,0.2,0.44608239191572524,0.21466854541591687,0.868968968968969,0.5267460741187951,0.0,0.21052631578947367
google__benzene__gin__seed2026,google,benzene,gin,2026,atom_occlusion,0.5,0.09172307227862783,0.5119776375360348,0.6371396482507593,0.5872278794062419,0.0,0.52
google__benzene__gin__seed2026,google,benzene,gin,2026,saliency,0.2,0.5732267982267982,0.21466854541591687,0.684718051384718,0.3754230227140444,0.0,0.21052631578947367
google__benzene__gin__seed2026,google,benzene,gin,2026,saliency,0.5,0.17971284776840332,0.5119776375360348,0.5757335312890869,0.507012572587048,0.0,0.52
google__benzene__gin__seed2026,google,benzene,gin,2026,ig,0.2,0.9834103945215056,0.21466854541591687,0.037037037037037035,0.012370040659514343,,0.21052631578947367
google__benzene__gin__seed2026,google,benzene,gin,2026,ig,0.5,0.5015602904491794,0.5119776375360348,0.35257263035040814,0.26008064391370805,,0.52
google__benzene__gin__seed2026,google,benzene,gin,2026,gradinput,0.2,0.6415341929230818,0.21466854541591687,0.5852185518852185,0.3003415756210734,,0.21052631578947367
google__benzene__gin__seed2026,google,benzene,gin,2026,gradinput,0.5,0.32767886934553603,0.5119776375360348,0.47499504999504993,0.3898678558723278,,0.52
google__benzene__gin__seed42,google,benzene,gin,42,atom_occlusion,0.2,0.4145995201550757,0.21466854541591687,0.914647981314648,0.5620609283190983,0.0,0.21052631578947367
google__benzene__gin__seed42,google,benzene,gin,42,atom_occlusion,0.5,0.061622138011026895,0.5119776375360348,0.6619603730714841,0.6200998926627469,0.0,0.52
google__benzene__gin__seed42,google,benzene,gin,42,saliency,0.2,0.41080683858461636,0.21466854541591687,0.9255922589255924,0.5718033813579049,0.0,0.21052631578947367
google__benzene__gin__seed42,google,benzene,gin,42,saliency,0.5,0.057056461223127894,0.5119776375360348,0.6692561942561943,0.630989047535315,0.0,0.52
google__benzene__gin__seed42,google,benzene,gin,42,ig,0.2,0.7007384368495478,0.21466854541591687,0.489039039039039,0.23798660929293883,,0.21052631578947367
google__benzene__gin__seed42,google,benzene,gin,42,ig,0.5,0.28726285809619145,0.5119776375360348,0.4973631529187085,0.41459896632325255,,0.52
google__benzene__gin__seed42,google,benzene,gin,42,gradinput,0.2,0.5326028409361743,0.21466854541591687,0.7579245912579246,0.43027898820382476,,0.21052631578947367
google__benzene__gin__seed42,google,benzene,gin,42,gradinput,0.5,0.2520774742996965,0.5119776375360348,0.5299778494222939,0.4614046104492702,,0.52
google__logic10__gcn__seed123,google,logic10,gcn,123,atom_occlusion,0.2,0.6264842672208744,0.21674710042799988,0.8352678571428571,0.35280898854296966,0.0,0.21739130434782608
google__logic10__gcn__seed123,google,logic10,gcn,123,atom_occlusion,0.5,0.2063464437348366,0.5124530952144983,0.7550680965859539,0.6342688262659377,0.0,0.52
google__logic10__gcn__seed123,google,logic10,gcn,123,saliency,0.2,0.8067737322201608,0.21674710042799988,0.4342261904761905,0.16197888717964185,0.0,0.21739130434782608
google__logic10__gcn__seed123,google,logic10,gcn,123,saliency,0.5,0.4219141721373864,0.5124530952144983,0.5556215114250829,0.4039016583123865,0.0,0.52
google__logic10__gcn__seed123,google,logic10,gcn,123,ig,0.2,0.7389417502140716,0.21674710042799988,0.5949404761904763,0.225669535733874,,0.21739130434782608
google__logic10__gcn__seed123,google,logic10,gcn,123,ig,0.5,0.2478414071048,0.5124530952144983,0.7200307381110953,0.5855240668528483,,0.52
google__logic10__gcn__seed123,google,logic10,gcn,123,gradinput,0.2,0.7509362289496219,0.21674710042799988,0.5630952380952381,0.2156811894338155,,0.21739130434782608
google__logic10__gcn__seed123,google,logic10,gcn,123,gradinput,0.5,0.32956110110127973,0.5124530952144983,0.6428012711494855,0.4919259635825868,,0.52
google__logic10__gcn__seed2026,google,logic10,gcn,2026,atom_occlusion,0.2,0.6363829622758193,0.21674710042799988,0.8113095238095239,0.33960300029102547,0.0,0.21739130434782608
google__logic10__gcn__seed2026,google,logic10,gcn,2026,atom_occlusion,0.5,0.16461109574948862,0.5124530952144983,0.7957120508459793,0.6894632721969908,0.0,0.52
google__logic10__gcn__seed2026,google,logic10,gcn,2026,saliency,0.2,0.7273857095285666,0.21674710042799988,0.6102678571428571,0.2419848315200206,0.0,0.21739130434782608
google__logic10__gcn__seed2026,google,logic10,gcn,2026,saliency,0.5,0.339056293408972,0.5124530952144983,0.6328526136561852,0.4865171506432287,0.0,0.52
google__logic10__gcn__seed2026,google,logic10,gcn,2026,ig,0.2,0.7985299298915371,0.21674710042799988,0.4611607142857143,0.16561734396555824,,0.21739130434782608
google__logic10__gcn__seed2026,google,logic10,gcn,2026,ig,0.5,0.3864445822035108,0.5124530952144983,0.5900511938458367,0.4359515580784516,,0.52
google__logic10__gcn__seed2026,google,logic10,gcn,2026,gradinput,0.2,0.7351338393749108,0.21674710042799988,0.5959821428571429,0.2355927948102318,,0.21739130434782608
google__logic10__gcn__seed2026,google,logic10,gcn,2026,gradinput,0.5,0.32469290382236815,0.5124530952144983,0.6446106968428398,0.4959166026703897,,0.52
google__logic10__gcn__seed42,google,logic10,gcn,42,atom_occlusion,0.2,0.6934642738214166,0.21674710042799988,0.6886904761904761,0.2724460457259827,0.0,0.21739130434782608
google__logic10__gcn__seed42,google,logic10,gcn,42,atom_occlusion,0.5,0.22101417927310787,0.5124530952144983,0.7390389372532231,0.6140779876927461,0.0,0.52
google__logic10__gcn__seed42,google,logic10,gcn,42,saliency,0.2,0.7425599697921126,0.21674710042799988,0.578125,0.22281045538384658,0.0,0.21739130434782608
google__logic10__gcn__seed42,google,logic10,gcn,42,saliency,0.5,0.41701631701631703,0.5124530952144983,0.5617590742590742,0.4032031549968166,0.0,0.52
google__logic10__gcn__seed42,google,logic10,gcn,42,ig,0.2,0.759926345975453,0.21674710042799988,0.5492559523809524,0.2040853535470132,,0.21739130434782608
google__logic10__gcn__seed42,google,logic10,gcn,42,ig,0.5,0.24893744648208932,0.5124530952144983,0.7177377186305759,0.5826354915509329,,0.52
google__logic10__gcn__seed42,google,logic10,gcn,42,gradinput,0.2,0.6954360000118928,0.21674710042799988,0.6842261904761905,0.2719802562633445,,0.21739130434782608
google__logic10__gcn__seed42,google,logic10,gcn,42,gradinput,0.5,0.24049001593644448,0.5124530952144983,0.7274146240664098,0.5920752238832596,,0.52
google__logic10__gin__seed123,google,logic10,gin,123,atom_occlusion,0.2,0.5789324886423101,0.21674710042799988,0.9397321428571429,0.4133242129893916,0.0,0.21739130434782608
google__logic10__gin__seed123,google,logic10,gin,123,atom_occlusion,0.5,0.15367114284524996,0.5124530952144983,0.8059962606837608,0.7001675298615949,0.0,0.52
google__logic10__gin__seed123,google,logic10,gin,123,saliency,0.2,0.75571571285857,0.21674710042799988,0.5587797619047619,0.21976718134806372,0.0,0.21739130434782608
google__logic10__gin__seed123,google,logic10,gin,123,saliency,0.5,0.37175495635317063,0.5124530952144983,0.6052724804956948,0.4503867280794664,0.0,0.52
google__logic10__gin__seed123,google,logic10,gin,123,ig,0.2,0.7621928294919368,0.21674710042799988,0.5413690476190477,0.1999577846873015,,0.21739130434782608
google__logic10__gin__seed123,google,logic10,gin,123,ig,0.5,0.35947608938680364,0.5124530952144983,0.6122023561755705,0.45702002100373956,,0.52
google__logic10__gin__seed123,google,logic10,gin,123,gradinput,0.2,0.8949684987631417,0.21674710042799988,0.24613095238095242,0.08326558804880069,,0.21739130434782608
google__logic10__gin__seed123,google,logic10,gin,123,gradinput,0.5,0.6860614459944817,0.5124530952144983,0.3097202400773829,0.188806396234303,,0.52
google__logic10__gin__seed2026,google,logic10,gin,2026,atom_occlusion,0.2,0.5798253457851672,0.21674710042799988,0.9375,0.41253333719851576,0.0,0.21739130434782608
google__logic10__gin__seed2026,google,logic10,gin,2026,atom_occlusion,0.5,0.16581197820037105,0.5124530952144983,0.7926768420071991,0.6873653496946565,0.0,0.52
google__logic10__gin__seed2026,google,logic10,gin,2026,saliency,0.2,0.6515815657556728,0.21674710042799988,0.7885416666666666,0.3292364257766044,0.0,0.21739130434782608
google__logic10__gin__seed2026,google,logic10,gin,2026,saliency,0.5,0.3320174617049617,0.5124530952144983,0.641033817373103,0.48970485994514357,0.0,0.52
google__logic10__gin__seed2026,google,logic10,gin,2026,ig,0.2,0.7770523003781934,0.21674710042799988,0.50625,0.1860199502832049,,0.21739130434782608
google__logic10__gin__seed2026,google,logic10,gin,2026,ig,0.5,0.39693030184101613,0.5124530952144983,0.5796239970347113,0.4212170406746922,,0.52
google__logic10__gin__seed2026,google,logic10,gin,2026,gradinput,0.2,0.8586457069715998,0.21674710042799988,0.3239583333333333,0.11492418933436459,,0.21739130434782608
google__logic10__gin__seed2026,google,logic10,gin,2026,gradinput,0.5,0.6550857624518338,0.5124530952144983,0.33784499230927795,0.21228747591080355,,0.52
google__logic10__gin__seed42,google,logic10,gin,42,atom_occlusion,0.2,0.6391745531254459,0.21674710042799988,0.8080357142857143,0.3405629384620981,0.0,0.21739130434782608
google__logic10__gin__seed42,google,logic10,gin,42,atom_occlusion,0.5,0.23100872341943773,0.5124530952144983,0.7336691334459192,0.6028460330964063,0.0,0.52
google__logic10__gin__seed42,google,logic10,gin,42,saliency,0.2,0.616274016162409,0.21674710042799988,0.8620535714285715,0.36609097747490604,0.0,0.21739130434782608
google__logic10__gin__seed42,google,logic10,gin,42,saliency,0.5,0.2507889431996575,0.5124530952144983,0.7196961025086025,0.5855917738598936,0.0,0.52
google__logic10__gin__seed42,google,logic10,gin,42,ig,0.2,0.8105648815470244,0.21674710042799988,0.43125,0.15360693700096895,,0.21739130434782608
google__logic10__gin__seed42,google,logic10,gin,42,ig,0.5,0.5105226618619475,0.5124530952144983,0.47146905673691386,0.322712378220519,,0.52
google__logic10__gin__seed42,google,logic10,gin,42,gradinput,0.2,0.9346668956043958,0.21674710042799988,0.15431547619047617,0.05180903655168361,,0.21739130434782608
google__logic10__gin__seed42,google,logic10,gin,42,gradinput,0.5,0.7176898250558965,0.5124530952144983,0.2791337630623345,0.1699409367810109,,0.52
google__logic7__gcn__seed123,google,logic7,gcn,123,atom_occlusion,0.2,0.29250253292806483,0.2195781186829063,0.5918439716312058,0.4843227103865402,0.0,0.21739130434782608
google__logic7__gcn__seed123,google,logic7,gcn,123,atom_occlusion,0.5,0.007978723404255319,0.5102108920884679,0.3807059370889157,0.37893288744352566,0.0,0.5
google__logic7__gcn__seed123,google,logic7,gcn,123,saliency,0.2,0.9650455927051671,0.2195781186829063,0.04042553191489361,0.02087362991618311,0.0,0.21739130434782608
google__logic7__gcn__seed123,google,logic7,gcn,123,saliency,0.5,0.7873606889564336,0.5102108920884679,0.083993783993784,0.06481728534294243,0.0,0.5
google__logic7__gcn__seed123,google,logic7,gcn,123,ig,0.2,0.4960739614994934,0.2195781186829063,0.4301418439716312,0.30958367873261494,,0.21739130434782608
google__logic7__gcn__seed123,google,logic7,gcn,123,ig,0.5,0.1356889564336373,0.5102108920884679,0.3283227410886986,0.3110923355604207,,0.5
google__logic7__gcn__seed123,google,logic7,gcn,123,gradinput,0.2,0.40952380952380946,0.2195781186829063,0.5088652482269503,0.3756685394983266,,0.21739130434782608
google__logic7__gcn__seed123,google,logic7,gcn,123,gradinput,0.5,0.202532928064843,0.5102108920884679,0.30767282363027043,0.2868449517385688,,0.5
google__logic7__gcn__seed2026,google,logic7,gcn,2026,atom_occlusion,0.2,0.3361195542046606,0.2195781186829063,0.5556737588652484,0.4395912007614135,0.0,0.21739130434782608
google__logic7__gcn__seed2026,google,logic7,gcn,2026,atom_occlusion,0.5,0.005319148936170213,0.5102108920884679,0.38247898673430586,0.38095922989540004,0.0,0.5
google__logic7__gcn__seed2026,google,logic7,gcn,2026,saliency,0.2,0.7779635258358661,0.2195781186829063,0.1946808510638297,0.1170059255165638,0.0,0.21739130434782608
google__logic7__gcn__seed2026,google,logic7,gcn,2026,saliency,0.5,0.7031408308004053,0.5102108920884679,0.11172291065908085,0.08754000657943085,0.0,0.5
google__logic7__gcn__seed2026,google,logic7,gcn,2026,ig,0.2,0.5380952380952381,0.2195781186829063,0.38865248226950355,0.2715997359614381,,0.21739130434782608
google__logic7__gcn__seed2026,google,logic7,gcn,2026,ig,0.5,0.1360435663627153,0.5102108920884679,0.33231892221253934,0.3173549263974796,,0.5
google__logic7__gcn__seed2026,google,logic7,gcn,2026,gradinput,0.2,0.4208713272543059,0.2195781186829063,0.49645390070921974,0.3647262902582051,,0.21739130434782608
google__logic7__gcn__seed2026,google,logic7,gcn,2026,gradinput,0.5,0.23338399189463022,0.5102108920884679,0.29735512714236123,0.2745575937065299,,0.5
google__logic7__gcn__seed42,google,logic7,gcn,42,atom_occlusion,0.2,0.14088145896656537,0.2195781186829063,0.7436170212765958,0.6617865585950693,0.0,0.21739130434782608
google__logic7__gcn__seed42,google,logic7,gcn,42,atom_occlusion,0.5,0.0,0.5102108920884679,0.38602508602508595,0.38602508602508595,0.0,0.5
google__logic7__gcn__seed42,google,logic7,gcn,42,saliency,0.2,1.0,0.2195781186829063,0.0,0.0,0.0,0.21739130434782608
google__logic7__gcn__seed42,google,logic7,gcn,42,saliency,0.5,0.9776595744680852,0.5102108920884679,0.010526707335217973,0.007568985040824841,0.0,0.5
google__logic7__gcn__seed42,google,logic7,gcn,42,ig,0.2,0.36144883485309015,0.2195781186829063,0.5588652482269504,0.4273471800067544,,0.21739130434782608
google__logic7__gcn__seed42,google,logic7,gcn,42,ig,0.5,0.10412867274569403,0.5102108920884679,0.3409200728349665,0.32723399531910174,,0.5
google__logic7__gcn__seed42,google,logic7,gcn,42,gradinput,0.2,0.3055724417426545,0.2195781186829063,0.6163120567375888,0.4809861533265788,,0.21739130434782608
google__logic7__gcn__seed42,google,logic7,gcn,42,gradinput,0.5,0.15075987841945288,0.5102108920884679,0.323363161661034,0.3055195395620927,,0.5
google__logic7__gin__seed123,google,logic7,gin,123,atom_occlusion,0.2,0.37170719351570414,0.2195781186829063,0.523758865248227,0.4118372171563661,0.0,0.21739130434782608
google__logic7__gin__seed123,google,logic7,gin,123,atom_occlusion,0.5,0.18725937183383995,0.5102108920884679,0.30274453678709007,0.2854971860291009,0.0,0.5
google__logic7__gin__seed123,google,logic7,gin,123,saliency,0.2,0.9217831813576496,0.2195781186829063,0.06276595744680852,0.04030809615915999,0.0,0.21739130434782608
google__logic7__gin__seed123,google,logic7,gin,123,saliency,0.5,0.7166160081053699,0.5102108920884679,0.11024979748384003,0.08919907446190298,0.0,0.5
google__logic7__gin__seed123,google,logic7,gin,123,ig,0.2,0.22505065856129686,0.2195781186829063,0.6886524822695037,0.5780395136778115,,0.21739130434782608
google__logic7__gin__seed123,google,logic7,gin,123,ig,0.5,0.12039007092198581,0.5102108920884679,0.3396884439437632,0.32664463196378096,,0.5
google__logic7__gin__seed123,google,logic7,gin,123,gradinput,0.2,0.8187943262411348,0.2195781186829063,0.15567375886524826,0.09847333517546282,,0.21739130434782608
google__logic7__gin__seed123,google,logic7,gin,123,gradinput,0.5,0.5540526849037487,0.5102108920884679,0.1686556941876091,0.14320139601741605,,0.5
google__logic7__gin__seed2026,google,logic7,gin,2026,atom_occlusion,0.2,0.5147922998986829,0.2195781186829063,0.41560283687943267,0.29998311381290105,0.0,0.21739130434782608
google__logic7__gin__seed2026,google,logic7,gin,2026,atom_occlusion,0.5,0.38728470111448837,0.5102108920884679,0.23419240334133956,0.20629793652321807,0.0,0.5
google__logic7__gin__seed2026,google,logic7,gin,2026,saliency,0.2,0.8147163120567376,0.2195781186829063,0.18085106382978725,0.12120060790273555,0.0,0.21739130434782608
google__logic7__gin__seed2026,google,logic7,gin,2026,saliency,0.5,0.5718844984802431,0.5102108920884679,0.18055968853841195,0.1572337792926028,0.0,0.5
google__logic7__gin__seed2026,google,logic7,gin,2026,ig,0.2,0.4118034447821681,0.2195781186829063,0.5195035460992908,0.3786220871327254,,0.21739130434782608
google__logic7__gin__seed2026,google,logic7,gin,2026,ig,0.5,0.28302938196555216,0.5102108920884679,0.28096247723907297,0.25437251873422084,,0.5
google__logic7__gin__seed2026,google,logic7,gin,2026,gradinput,0.2,0.6508358662613982,0.2195781186829063,0.29219858156028367,0.20195035460992905,,0.21739130434782608
google__logic7__gin__seed2026,google,logic7,gin,2026,gradinput,0.5,0.4284701114488349,0.5102108920884679,0.21262620358365042,0.188106553438218,,0.5
google__logic7__gin__seed42,google,logic7,gin,42,atom_occlusion,0.2,0.7317122593718337,0.2195781186829063,0.21666666666666665,0.14218246292714376,0.0,0.21739130434782608
google__logic7__gin__seed42,google,logic7,gin,42,atom_occlusion,0.5,0.480597771023303,0.5102108920884679,0.19139442118165523,0.16553809318202312,0.0,0.5
google__logic7__gin__seed42,google,logic7,gin,42,saliency,0.2,0.9075987841945288,0.2195781186829063,0.08617021276595746,0.05070998741211507,0.0,0.21739130434782608
google__logic7__gin__seed42,google,logic7,gin,42,saliency,0.5,0.7277862208713273,0.5102108920884679,0.10878961464067845,0.0897908181667486,0.0,0.5
google__logic7__gin__seed42,google,logic7,gin,42,ig,0.2,0.4981509625126647,0.2195781186829063,0.43368794326241117,0.3196470786896318,,0.21739130434782608
google__logic7__gin__seed42,google,logic7,gin,42,ig,0.5,0.17114994934143868,0.5102108920884679,0.31761512718959534,0.30109281623674616,,0.5
google__logic7__gin__seed42,google,logic7,gin,42,gradinput,0.2,0.9517730496453899,0.2195781186829063,0.04361702127659575,0.025287065180682203,,0.21739130434782608
google__logic7__gin__seed42,google,logic7,gin,42,gradinput,0.5,0.6971631205673758,0.5102108920884679,0.10621984398580146,0.08696681221712509,,0.5
google__logic8__gcn__seed123,google,logic8,gcn,123,atom_occlusion,0.2,0.46893939393939393,0.21454216927637046,0.7221920289855072,0.4545033468946513,0.0,0.20833333333333334
google__logic8__gcn__seed123,google,logic8,gcn,123,atom_occlusion,0.5,0.1672379854445072,0.5126700714598026,0.4831220862470863,0.4422386450399558,0.0,0.52
google__logic8__gcn__seed123,google,logic8,gcn,123,saliency,0.2,0.5839262187088274,0.21454216927637046,0.5764492753623188,0.3374327665088535,0.0,0.20833333333333334
google__logic8__gcn__seed123,google,logic8,gcn,123,saliency,0.5,0.22989150040780476,0.5126700714598026,0.44750370402544315,0.4001188478330422,0.0,0.52
google__logic8__gcn__seed123,google,logic8,gcn,123,ig,0.2,0.620212803500847,0.21454216927637046,0.521105072463768,0.2877864134657613,,0.20833333333333334
google__logic8__gcn__seed123,google,logic8,gcn,123,ig,0.5,0.2763690868310434,0.5126700714598026,0.4210791322204365,0.36576855139035447,,0.52
google__logic8__gcn__seed123,google,logic8,gcn,123,gradinput,0.2,0.5644392292490118,0.21454216927637046,0.591304347826087,0.34103120611272786,,0.20833333333333334
google__logic8__gcn__seed123,google,logic8,gcn,123,gradinput,0.5,0.330727500156848,0.5126700714598026,0.39639827262109867,0.3341275007513314,,0.52
google__logic8__gcn__seed2026,google,logic8,gcn,2026,atom_occlusion,0.2,0.4899738848108413,0.21454216927637046,0.6868659420289855,0.42874694749694753,0.0,0.20833333333333334
google__logic8__gcn__seed2026,google,logic8,gcn,2026,atom_occlusion,0.5,0.17082902001380262,0.5126700714598026,0.48275937528654916,0.4420501861558448,0.0,0.52
google__logic8__gcn__seed2026,google,logic8,gcn,2026,saliency,0.2,0.6328612209046992,0.21454216927637046,0.5035326086956522,0.28877270072922245,0.0,0.20833333333333334
google__logic8__gcn__seed2026,google,logic8,gcn,2026,saliency,0.5,0.2558814072401029,0.5126700714598026,0.43421224005463144,0.38593540499710577,0.0,0.52
google__logic8__gcn__seed2026,google,logic8,gcn,2026,ig,0.2,0.6525366240040154,0.21454216927637046,0.48206521739130437,0.2592534126501518,,0.20833333333333334
google__logic8__gcn__seed2026,google,logic8,gcn,2026,ig,0.5,0.3981629179998745,0.5126700714598026,0.3547129199303112,0.2873451133639248,,0.52
google__logic8__gcn__seed2026,google,logic8,gcn,2026,gradinput,0.2,0.5914298262124349,0.21454216927637046,0.559873188405797,0.3152180699735047,,0.20833333333333334
google__logic8__gcn__seed2026,google,logic8,gcn,2026,gradinput,0.5,0.2905665741263567,0.5126700714598026,0.41742923441293006,0.35943217454966175,,0.52
google__logic8__gcn__seed42,google,logic8,gcn,42,atom_occlusion,0.2,0.4999286341677646,0.21454216927637046,0.6826086956521739,0.421129972081059,0.0,0.20833333333333334
google__logic8__gcn__seed42,google,logic8,gcn,42,atom_occlusion,0.5,0.18297081843277496,0.5126700714598026,0.4747316089707394,0.43277473303027714,0.0,0.52
google__logic8__gcn__seed42,google,logic8,gcn,42,saliency,0.2,0.5132697314762532,0.21454216927637046,0.6643115942028985,0.40763027733136425,0.0,0.20833333333333334
google__logic8__gcn__seed42,google,logic8,gcn,42,saliency,0.5,0.19242581090407176,0.5126700714598026,0.4719980200958462,0.42980078318952997,0.0,0.52
google__logic8__gcn__seed42,google,logic8,gcn,42,ig,0.2,0.6409592822636301,0.21454216927637046,0.5047101449275363,0.2693729579599145,,0.20833333333333334
google__logic8__gcn__seed42,google,logic8,gcn,42,ig,0.5,0.40758007089528825,0.5126700714598026,0.349260190292799,0.2804116954372709,,0.52
google__logic8__gcn__seed42,google,logic8,gcn,42,gradinput,0.2,0.5892688531275487,0.21454216927637046,0.5650362318840579,0.3174986094823051,,0.20833333333333334
google__logic8__gcn__seed42,google,logic8,gcn,42,gradinput,0.5,0.29880893562958777,0.5126700714598026,0.4121223583180105,0.35577575561170255,,0.52
google__logic8__gin__seed123,google,logic8,gin,123,atom_occlusion,0.2,0.5061533424305165,0.21454216927637046,0.6697463768115942,0.41588877607899344,0.0,0.20833333333333334
google__logic8__gin__seed123,google,logic8,gin,123,atom_occlusion,0.5,0.22024868247694335,0.5126700714598026,0.4540007245170289,0.40738566507638724,0.0,0.52
google__logic8__gin__seed123,google,logic8,gin,123,saliency,0.2,0.6528224794529143,0.21454216927637046,0.4917572463768116,0.2790675357251445,0.0,0.20833333333333334
google__logic8__gin__seed123,google,logic8,gin,123,saliency,0.5,0.33698573467595205,0.5126700714598026,0.39267889417345936,0.3402529856689653,0.0,0.52
google__logic8__gin__seed123,google,logic8,gin,123,ig,0.2,0.5852276648472301,0.21454216927637046,0.5699275362318841,0.32305772428055035,,0.20833333333333334
google__logic8__gin__seed123,google,logic8,gin,123,ig,0.5,0.37319409153648275,0.5126700714598026,0.3715269935378631,0.30293014108130545,,0.52
google__logic8__gin__seed123,google,logic8,gin,123,gradinput,0.2,0.8748974606311563,0.21454216927637046,0.18179347826086958,0.08787856919650397,,0.20833333333333334
google__logic8__gin__seed123,google,logic8,gin,123,gradinput,0.5,0.669110946420729,0.5126700714598026,0.2006901311249137,0.1505240560815401,,0.52
google__logic8__gin__seed2026,google,logic8,gin,2026,atom_occlusion,0.2,0.5785655467720686,0.21454216927637046,0.5726449275362319,0.33737459702133615,0.0,0.20833333333333334
google__logic8__gin__seed2026,google,logic8,gin,2026,atom_occlusion,0.5,0.2595969398958529,0.5126700714598026,0.4346429235016192,0.3820946306837746,0.0,0.52
google__logic8__gin__seed2026,google,logic8,gin,2026,saliency,0.2,0.6800810904071775,0.21454216927637046,0.4506340579710145,0.2471284753893449,0.0,0.20833333333333334
google__logic8__gin__seed2026,google,logic8,gin,2026,saliency,0.5,0.3859350492502666,0.5126700714598026,0.36172826267934965,0.3007020452821957,0.0,0.52
google__logic8__gin__seed2026,google,logic8,gin,2026,ig,0.2,0.5627201753560449,0.21454216927637046,0.5983695652173913,0.34475298252472164,,0.20833333333333334
google__logic8__gin__seed2026,google,logic8,gin,2026,ig,0.5,0.23322608852500154,0.5126700714598026,0.45122167989015816,0.3959366329890626,,0.52
google__logic8__gin__seed2026,google,logic8,gin,2026,gradinput,0.2,0.780268327686806,0.21454216927637046,0.31684782608695655,0.15856299497603848,,0.20833333333333334
google__logic8__gin__seed2026,google,logic8,gin,2026,gradinput,0.5,0.5514122200263505,0.5126700714598026,0.2702916346938086,0.21040376193723717,,0.52
google__logic8__gin__seed42,google,logic8,gin,42,atom_occlusion,0.2,0.6175573671497585,0.21454216927637046,0.5346014492753624,0.3083911107008933,0.0,0.20833333333333334
google__logic8__gin__seed42,google,logic8,gin,42,atom_occlusion,0.5,0.260057288725767,0.5126700714598026,0.4348026822211605,0.38362214684124596,0.0,0.52
google__logic8__gin__seed42,google,logic8,gin,42,saliency,0.2,0.8453508297258298,0.21454216927637046,0.2292572463768116,0.11009718693142606,0.0,0.20833333333333334
google__logic8__gin__seed42,google,logic8,gin,42,saliency,0.5,0.6456011983185895,0.5126700714598026,0.21609908810995768,0.16205510099056505,0.0,0.52
google__logic8__gin__seed42,google,logic8,gin,42,ig,0.2,0.6873556998556999,0.21454216927637046,0.43288043478260874,0.22573566228457534,,0.20833333333333334
google__logic8__gin__seed42,google,logic8,gin,42,ig,0.5,0.43044027228809845,0.5126700714598026,0.33818357065639676,0.27200563891004226,,0.52
google__logic8__gin__seed42,google,logic8,gin,42,gradinput,0.2,0.8327904432523998,0.21454216927637046,0.23831521739130435,0.11642947933708805,,0.20833333333333334
google__logic8__gin__seed42,google,logic8,gin,42,gradinput,0.5,0.5025754438797917,0.5126700714598026,0.2959093744419831,0.2355532269942857,,0.52
