cell_id,family,task,model,seed,method,fraction,index,empirical_risk,corrected_risk,n_calibration,alpha,risk,mean_atom_fraction,precision,iou,tie_inflation,median_atom_fraction
bxaic__B__gcn__seed123,bxaic,B,gcn,123,atom_occlusion,0.01,1,0.01,0.019801980198019802,100,0.1,0.02666666666666667,0.03878533891559978,0.99,0.9633333333333334,0.0,0.037037037037037035
bxaic__B__gcn__seed123,bxaic,B,gcn,123,saliency,0.07,7,0.09,0.09900990099009901,100,0.1,0.065,0.088227123717233,0.4110119047619049,0.40934523809523815,0.0,0.08695652173913043
bxaic__B__gcn__seed2026,bxaic,B,gcn,2026,atom_occlusion,0.01,1,0.01,0.019801980198019802,100,0.1,0.02666666666666667,0.03878533891559978,0.99,0.9633333333333334,0.0,0.037037037037037035
bxaic__B__gcn__seed2026,bxaic,B,gcn,2026,saliency,0.2,20,0.09,0.09900990099009901,100,0.1,0.08,0.2157163740311308,0.16828224764366065,0.16828224764366065,0.0,0.2113237639553429
bxaic__B__gcn__seed42,bxaic,B,gcn,42,atom_occlusion,0.01,1,0.01,0.019801980198019802,100,0.1,0.02666666666666667,0.03878533891559978,0.99,0.9633333333333334,0.0,0.037037037037037035
bxaic__B__gcn__seed42,bxaic,B,gcn,42,saliency,0.08,8,0.08,0.0891089108910891,100,0.1,0.06,0.09827200537309151,0.38396367521367525,0.3822970085470086,0.0,0.09478885893980234
bxaic__B__gin__seed123,bxaic,B,gin,123,atom_occlusion,0.01,1,0.01,0.019801980198019802,100,0.1,0.02666666666666667,0.03878533891559978,0.99,0.9633333333333334,0.0,0.037037037037037035
bxaic__B__gin__seed123,bxaic,B,gin,123,saliency,0.01,1,0.06,0.06930693069306931,100,0.1,0.07666666666666667,0.03878533891559978,0.94,0.9133333333333334,0.0,0.037037037037037035
bxaic__B__gin__seed2026,bxaic,B,gin,2026,atom_occlusion,0.01,1,0.01,0.019801980198019802,100,0.1,0.02666666666666667,0.03878533891559978,0.99,0.9633333333333334,0.0,0.037037037037037035
bxaic__B__gin__seed2026,bxaic,B,gin,2026,saliency,0.01,1,0.06,0.06930693069306931,100,0.1,0.05666666666666667,0.03878533891559978,0.96,0.9333333333333335,0.0,0.037037037037037035
bxaic__B__gin__seed42,bxaic,B,gin,42,atom_occlusion,0.01,1,0.01,0.019801980198019802,100,0.1,0.02666666666666667,0.03878533891559978,0.99,0.9633333333333334,0.0,0.037037037037037035
bxaic__B__gin__seed42,bxaic,B,gin,42,saliency,0.01,1,0.06,0.06930693069306931,100,0.1,0.105,0.03878533891559978,0.9,0.885,0.0,0.037037037037037035
bxaic__indole__gcn__seed123,bxaic,indole,gcn,123,atom_occlusion,0.61,61,0.08290598290598292,0.09198612168909198,100,0.1,0.04166666666666667,0.627114936479031,0.45704552971597684,0.44517273816209757,0.0,0.625
bxaic__indole__gcn__seed123,bxaic,indole,gcn,123,saliency,0.87,87,0.07982905982905984,0.08893966319708892,100,0.1,0.07196581196581198,0.8870361362786398,0.3135579149133999,0.3048686623606719,0.0,0.8837209302325582
bxaic__indole__gcn__seed2026,bxaic,indole,gcn,2026,atom_occlusion,0.5700000000000001,57,0.09068376068376068,0.09968689176609966,100,0.1,0.05918803418803419,0.5865030808876156,0.4783294023372235,0.4604317185431712,0.0,0.5851357570179475
bxaic__indole__gcn__seed2026,bxaic,indole,gcn,2026,saliency,0.74,74,0.08841880341880341,0.09744435982059742,100,0.1,0.07376068376068379,0.7566755075099121,0.3668332840029997,0.3550646707648748,0.0,0.7539722572509457
bxaic__indole__gcn__seed42,bxaic,indole,gcn,42,atom_occlusion,0.55,55,0.08823504273504273,0.09726241854954723,100,0.1,0.08371794871794873,0.5649667184462824,0.47995009249411097,0.4549787828932635,0.0,0.5625
bxaic__indole__gcn__seed42,bxaic,indole,gcn,42,saliency,0.87,87,0.08699572649572648,0.09603537276804598,100,0.1,0.07200854700854702,0.8870361362786398,0.314144211764687,0.30530519274140816,0.0,0.8837209302325582
bxaic__indole__gin__seed123,bxaic,indole,gin,123,atom_occlusion,0.35000000000000003,35,0.08191452991452992,0.091004485063891,100,0.1,0.07051282051282053,0.3673562899899768,0.7347425661526613,0.685752352934507,0.0,0.36363636363636365
bxaic__indole__gin__seed123,bxaic,indole,gin,123,saliency,0.55,55,0.08852136752136751,0.09754590843699754,100,0.1,0.0938034188034188,0.5649667184462824,0.4755825329742261,0.4474318153198488,0.0,0.5625
bxaic__indole__gin__seed2026,bxaic,indole,gin,2026,atom_occlusion,0.41000000000000003,41,0.08528632478632478,0.09434289582804434,100,0.1,0.06487179487179487,0.4268167022833334,0.6439056653731847,0.6086742817001575,0.0,0.4274004683840749
bxaic__indole__gin__seed2026,bxaic,indole,gin,2026,saliency,0.63,63,0.09003418803418803,0.09904375052889901,100,0.1,0.08888888888888889,0.646890265645836,0.420360108850561,0.4008908151658964,0.0,0.6451612903225806
bxaic__indole__gin__seed42,bxaic,indole,gin,42,atom_occlusion,0.4,40,0.0897051282051282,0.09871794871794871,100,0.1,0.065982905982906,0.41310256295373804,0.6639061610192397,0.627294513164171,0.0,0.41025641025641024
bxaic__indole__gin__seed42,bxaic,indole,gin,42,saliency,0.58,58,0.09038461538461542,0.09939070830159934,100,0.1,0.08470085470085469,0.5950041255647353,0.4554695232180935,0.4328334552175789,0.0,0.59375
bxaic__P__gcn__seed123,bxaic,P,gcn,123,atom_occlusion,0.03,3,0.049326457855869615,0.05873906718402933,100,0.1,0.06202941176470588,0.04520388166578497,0.81,0.7479705882352942,0.0,0.043478260869565216
bxaic__P__gcn__seed123,bxaic,P,gcn,123,saliency,0.04,4,0.08249299719887956,0.09157722494938571,100,0.1,0.08350980392156863,0.055257623773355115,0.6511666666666666,0.617656862745098,0.0,0.050957481337228175
bxaic__P__gcn__seed2026,bxaic,P,gcn,2026,atom_occlusion,0.03,3,0.049326457855869615,0.05873906718402933,100,0.1,0.06202941176470588,0.04520388166578497,0.81,0.7479705882352942,0.0,0.043478260869565216
bxaic__P__gcn__seed2026,bxaic,P,gcn,2026,saliency,0.07,7,0.085,0.09405940594059406,100,0.1,0.09533333333333333,0.08745679688822303,0.42564957264957265,0.4233717948717948,0.0,0.08571428571428572
bxaic__P__gcn__seed42,bxaic,P,gcn,42,atom_occlusion,0.03,3,0.049326457855869615,0.05873906718402933,100,0.1,0.06202941176470588,0.04520388166578497,0.81,0.7479705882352942,0.0,0.043478260869565216
bxaic__P__gcn__seed42,bxaic,P,gcn,42,saliency,0.04,4,0.055826330532212885,0.0651745846853593,100,0.1,0.08350980392156863,0.055257623773355115,0.6569999999999999,0.6234901960784314,0.0,0.050957481337228175
bxaic__P__gin__seed123,bxaic,P,gin,123,atom_occlusion,0.03,3,0.049326457855869615,0.05873906718402933,100,0.1,0.06202941176470588,0.04520388166578497,0.81,0.7479705882352942,0.0,0.043478260869565216
bxaic__P__gin__seed123,bxaic,P,gin,123,saliency,0.05,5,0.06571428571428573,0.07496463932107496,100,0.1,0.055,0.06707591441228643,0.5492807017543859,0.5316140350877192,0.0,0.06539558089807555
bxaic__P__gin__seed2026,bxaic,P,gin,2026,atom_occlusion,0.03,3,0.049326457855869615,0.05873906718402933,100,0.1,0.06202941176470588,0.04520388166578497,0.81,0.7479705882352942,0.0,0.043478260869565216
bxaic__P__gin__seed2026,bxaic,P,gin,2026,saliency,0.03,3,0.06123121976063153,0.07052596015904111,100,0.1,0.07536274509803921,0.04520388166578497,0.79,0.7346372549019609,0.0,0.043478260869565216
bxaic__P__gin__seed42,bxaic,P,gin,42,atom_occlusion,0.03,3,0.049326457855869615,0.05873906718402933,100,0.1,0.06202941176470588,0.04520388166578497,0.81,0.7479705882352942,0.0,0.043478260869565216
bxaic__P__gin__seed42,bxaic,P,gin,42,saliency,0.03,3,0.05408836261777438,0.06345382437403405,100,0.1,0.07202941176470588,0.04520388166578497,0.79,0.7379705882352942,0.0,0.043478260869565216
bxaic__PAINS__gcn__seed123,bxaic,PAINS,gcn,123,atom_occlusion,0.85,85,0.08914703814703814,0.09816538430399815,100,0.1,0.07861466165413533,0.8662478624341222,0.33585863175669156,0.3255708166927911,0.0,0.8648648648648649
bxaic__PAINS__gcn__seed123,bxaic,PAINS,gcn,123,saliency,0.86,86,0.08650496970349911,0.0955494749539595,100,0.1,0.06879559694691274,0.8798495311356647,0.33267525002922793,0.3230911349061633,0.0,0.8787878787878788
bxaic__PAINS__gcn__seed2026,bxaic,PAINS,gcn,2026,atom_occlusion,0.85,85,0.08729867354867354,0.09633532034522128,100,0.1,0.07562009189640768,0.8662478624341222,0.3372791168808721,0.32795053600013735,0.0,0.8648648648648649
bxaic__PAINS__gcn__seed2026,bxaic,PAINS,gcn,2026,saliency,0.87,87,0.0795334746952394,0.08864700464875187,100,0.1,0.05916520467836257,0.8874475247500595,0.33489397323565817,0.3274298354358647,0.0,0.8846153846153846
bxaic__PAINS__gcn__seed42,bxaic,PAINS,gcn,42,atom_occlusion,0.8200000000000001,82,0.08552930402930402,0.09458346933594455,100,0.1,0.08873226627173995,0.8378890179941392,0.3421119306002126,0.3304119705730516,0.0,0.8378378378378378
bxaic__PAINS__gcn__seed42,bxaic,PAINS,gcn,42,saliency,0.86,86,0.08770559424235894,0.09673821212114744,100,0.1,0.07107662147793728,0.8798495311356647,0.3329913570209483,0.32405462069092267,0.0,0.8787878787878788
bxaic__PAINS__gin__seed123,bxaic,PAINS,gin,123,atom_occlusion,0.6900000000000001,69,0.08872588522588522,0.09774840121374774,100,0.1,0.07365436318067896,0.7073814558855185,0.40809656009565687,0.3939227319894455,0.0,0.7058823529411765
bxaic__PAINS__gin__seed123,bxaic,PAINS,gin,123,saliency,0.71,71,0.08742296837149778,0.09645838452623541,100,0.1,0.08433095048226626,0.7293443949763498,0.38985040957764966,0.3713034800586965,0.0,0.7297297297297297
bxaic__PAINS__gin__seed2026,bxaic,PAINS,gin,2026,atom_occlusion,0.62,62,0.08910805289481757,0.0981267850443738,100,0.1,0.10778630287840815,0.6396484956141744,0.4326898540498293,0.40836035376534846,0.0,0.6388888888888888
bxaic__PAINS__gin__seed2026,bxaic,PAINS,gin,2026,saliency,0.74,74,0.07956243756243755,0.08867568075488866,100,0.1,0.07270813397129187,0.757421394510063,0.3847662646816838,0.3721194610142572,0.0,0.7567567567567568
bxaic__PAINS__gin__seed42,bxaic,PAINS,gin,42,atom_occlusion,0.6,60,0.09049708624708624,0.09950206559117449,100,0.1,0.09008794714057872,0.6150398605177398,0.4677176156547713,0.4484054043611745,0.0,0.6153846153846154
bxaic__PAINS__gin__seed42,bxaic,PAINS,gin,42,saliency,0.7000000000000001,70,0.08859228679816912,0.09761612554274168,100,0.1,0.05433491873623453,0.7178367194943758,0.4124317330248926,0.39926595191470304,0.0,0.7142857142857143
bxaic__rings-count__gcn__seed123,bxaic,rings-count,gcn,123,atom_occlusion,0.89,89,0.08704805289107558,0.09608718108027284,100,0.1,0.08599720501918039,0.9076411038403573,0.6472813827623163,0.6140813646263523,0.0,0.9047619047619048
bxaic__rings-count__gcn__seed123,bxaic,rings-count,gcn,123,saliency,0.89,89,0.08465462795332294,0.09371745341913161,100,0.1,0.08002894499509638,0.9076411038403573,0.6465834448202501,0.6096034826274189,0.0,0.9047619047619048
bxaic__rings-count__gcn__seed2026,bxaic,rings-count,gcn,2026,atom_occlusion,0.89,89,0.08835564766178877,0.09738182936810766,100,0.1,0.09682633962683522,0.9076411038403573,0.6433093603751542,0.6089854649451479,0.0,0.9047619047619048
bxaic__rings-count__gcn__seed2026,bxaic,rings-count,gcn,2026,saliency,0.79,79,0.08344387706441064,0.09251869016278277,100,0.1,0.07894655698372982,0.8064764227207614,0.7227627738185304,0.6734735290591303,0.0,0.8055555555555556
bxaic__rings-count__gcn__seed42,bxaic,rings-count,gcn,42,atom_occlusion,0.89,89,0.08935622194541931,0.09837249697566265,100,0.1,0.08719874162294428,0.9076411038403573,0.6459408196549065,0.6118758184650737,0.0,0.9047619047619048
bxaic__rings-count__gcn__seed42,bxaic,rings-count,gcn,42,saliency,0.91,91,0.07586098572991391,0.08501087696031079,100,0.1,0.06689546363071369,0.9281710810469108,0.6467222693209638,0.6213306249656304,0.0,0.9240384615384616
bxaic__rings-count__gin__seed123,bxaic,rings-count,gin,123,atom_occlusion,0.9,90,0.08959584914669044,0.09860975163038652,100,0.1,0.09818360199860063,0.9143819189606812,0.6376329116479069,0.6036684013001069,0.0,0.9130434782608695
bxaic__rings-count__gin__seed123,bxaic,rings-count,gin,123,saliency,0.78,78,0.09005640592416171,0.09906574843976408,100,0.1,0.10058882761259966,0.7973471814781139,0.7156857645278382,0.6596759336824669,0.0,0.7948717948717948
bxaic__rings-count__gin__seed2026,bxaic,rings-count,gin,2026,atom_occlusion,0.91,91,0.0799371875439886,0.08904672034058271,100,0.1,0.08175953198885288,0.9281710810469108,0.6392149110726708,0.61180799729936,0.0,0.9240384615384616
bxaic__rings-count__gin__seed2026,bxaic,rings-count,gin,2026,saliency,0.74,74,0.08920534314382796,0.09822311202359203,100,0.1,0.10180456416636696,0.7574352148819574,0.7492537977684494,0.684792457563343,0.0,0.7571662571662572
bxaic__rings-count__gin__seed42,bxaic,rings-count,gin,42,atom_occlusion,0.91,91,0.07913822428052228,0.08825566760447745,100,0.1,0.07892619865551959,0.9281710810469108,0.6406967951306419,0.6138799534999912,0.0,0.9240384615384616
bxaic__rings-count__gin__seed42,bxaic,rings-count,gin,42,saliency,0.81,81,0.08912427041659912,0.0981428419966328,100,0.1,0.0928039906988605,0.8296037369165117,0.699199707199209,0.6545307987304789,0.0,0.8268365817091454
bxaic__rings-max__gcn__seed123,bxaic,rings-max,gcn,123,atom_occlusion,0.77,77,0.08067397645291065,0.08977621430981254,100,0.1,0.07770570365307207,0.7826963069354224,0.3201619549094082,0.31127404428158223,0.0,0.7795363908275175
bxaic__rings-max__gcn__seed123,bxaic,rings-max,gcn,123,saliency,0.86,86,0.0878206074255573,0.09685208655995772,100,0.1,0.08958254090823083,0.871714262889369,0.28518046701311517,0.2771140719042758,0.0,0.868421052631579
bxaic__rings-max__gcn__seed2026,bxaic,rings-max,gcn,2026,atom_occlusion,0.79,79,0.08434444588360294,0.09341034245901284,100,0.1,0.07157857615879687,0.8032404332913086,0.3168236647406338,0.31006338109531145,0.0,0.8
bxaic__rings-max__gcn__seed2026,bxaic,rings-max,gcn,2026,saliency,0.91,91,0.08849192654742515,0.09751675895784669,100,0.1,0.08772098674189657,0.9220566775769332,0.2719202967224513,0.2653861663604178,0.0,0.9182000669120107
bxaic__rings-max__gcn__seed42,bxaic,rings-max,gcn,42,atom_occlusion,0.74,74,0.08666508846621138,0.09570800838238752,100,0.1,0.09852925599985836,0.7539069755711459,0.32477614360712265,0.3135815120730259,0.0,0.75
bxaic__rings-max__gcn__seed42,bxaic,rings-max,gcn,42,saliency,0.93,93,0.0792706777061616,0.08838680961006097,100,0.1,0.0780103672885831,0.9421143220321102,0.2717794726980784,0.2672293538004828,0.0,0.9411764705882353
bxaic__rings-max__gin__seed123,bxaic,rings-max,gin,123,atom_occlusion,0.76,76,0.09067486735076918,0.09967808648591009,100,0.1,0.07958069455544146,0.7715766970717644,0.3273216183981426,0.31909839424279296,0.0,0.7666666666666667
bxaic__rings-max__gin__seed123,bxaic,rings-max,gin,123,saliency,0.75,75,0.08787343717752513,0.09690439324507438,100,0.1,0.10630495113998575,0.7591510043649586,0.3222747598499649,0.3111797597640842,0.0,0.7567567567567568
bxaic__rings-max__gin__seed2026,bxaic,rings-max,gin,2026,atom_occlusion,0.89,89,0.08556253272588472,0.09461636903552946,100,0.1,0.06535004584486576,0.9028389865485758,0.2842490895260039,0.27924003710431344,0.0,0.9
bxaic__rings-max__gin__seed2026,bxaic,rings-max,gin,2026,saliency,0.73,73,0.09026022433030997,0.09926754884189105,100,0.1,0.11193065422558292,0.7426523525115232,0.3265662735528887,0.3139437170352753,0.0,0.738206497552292
bxaic__rings-max__gin__seed42,bxaic,rings-max,gin,42,atom_occlusion,0.8,80,0.08840417216281356,0.09742987342852828,100,0.1,0.06668997916173466,0.8103590330526649,0.3148178741849246,0.30743616959942005,0.0,0.8068701164676397
bxaic__rings-max__gin__seed42,bxaic,rings-max,gin,42,saliency,0.74,74,0.09037848026275767,0.09938463392352245,100,0.1,0.09842081383785746,0.7539069755711459,0.32603568553674783,0.31444442682762175,0.0,0.75
bxaic__X__gcn__seed123,bxaic,X,gcn,123,atom_occlusion,0.06,6,0.04583333333333333,0.055280528052805276,100,0.1,0.04933333333333333,0.07912975034767791,0.6853333333333333,0.636,0.0,0.07692307692307693
bxaic__X__gcn__seed123,bxaic,X,gcn,123,saliency,0.18,18,0.08333333333333334,0.09240924092409242,100,0.1,0.05433333333333334,0.19823162591653667,0.27671645837822306,0.2682283631401279,0.0,0.1935483870967742
bxaic__X__gcn__seed2026,bxaic,X,gcn,2026,atom_occlusion,0.06,6,0.04583333333333333,0.055280528052805276,100,0.1,0.04933333333333333,0.07912975034767791,0.6853333333333333,0.636,0.0,0.07692307692307693
bxaic__X__gcn__seed2026,bxaic,X,gcn,2026,saliency,0.21,21,0.07416666666666667,0.08333333333333334,100,0.1,0.034333333333333334,0.22900064496800332,0.24873316498316494,0.24299110149110145,0.0,0.23076923076923078
bxaic__X__gcn__seed42,bxaic,X,gcn,42,atom_occlusion,0.06,6,0.04583333333333333,0.055280528052805276,100,0.1,0.04933333333333333,0.07912975034767791,0.6853333333333333,0.636,0.0,0.07692307692307693
bxaic__X__gcn__seed42,bxaic,X,gcn,42,saliency,0.22,22,0.08333333333333334,0.09240924092409242,100,0.1,0.057999999999999996,0.238986715889473,0.22727371000646862,0.22255942429218287,0.0,0.23809523809523808
bxaic__X__gin__seed123,bxaic,X,gin,123,atom_occlusion,0.06,6,0.04583333333333333,0.055280528052805276,100,0.1,0.04933333333333333,0.07912975034767791,0.6853333333333333,0.636,0.0,0.07692307692307693
bxaic__X__gin__seed123,bxaic,X,gin,123,saliency,0.26,26,0.08166666666666668,0.09075907590759077,100,0.1,0.063,0.27751511015259767,0.1933259293166414,0.1896159726066847,0.0,0.27622890682318413
bxaic__X__gin__seed2026,bxaic,X,gin,2026,atom_occlusion,0.06,6,0.04583333333333333,0.055280528052805276,100,0.1,0.04933333333333333,0.07912975034767791,0.6853333333333333,0.636,0.0,0.07692307692307693
bxaic__X__gin__seed2026,bxaic,X,gin,2026,saliency,0.27,27,0.0825,0.09158415841584158,100,0.1,0.035666666666666666,0.28743515517825036,0.19889166564429722,0.1943606411132727,0.0,0.2857142857142857
bxaic__X__gin__seed42,bxaic,X,gin,42,atom_occlusion,0.06,6,0.04583333333333333,0.055280528052805276,100,0.1,0.04933333333333333,0.07912975034767791,0.6853333333333333,0.636,0.0,0.07692307692307693
bxaic__X__gin__seed42,bxaic,X,gin,42,saliency,0.28,28,0.08666666666666668,0.09570957095709572,100,0.1,0.08,0.2976531465696942,0.17662707614023404,0.172595330108488,0.0,0.29520697167755994
google__benzene__gcn__seed123,google,benzene,gcn,123,atom_occlusion,0.46,46,0.0883888888888889,0.09741474147414743,100,0.1,0.10141666666666667,0.48809834176233424,0.6539956709956711,0.5987895862307627,0.0,0.48
google__benzene__gcn__seed123,google,benzene,gcn,123,saliency,0.48,48,0.0898888888888889,0.09889988998899886,100,0.1,0.09345833333333331,0.5035016582376657,0.6420378787878788,0.5921555119716885,0.0,0.5
google__benzene__gcn__seed2026,google,benzene,gcn,2026,atom_occlusion,0.44,44,0.08368055555555555,0.09275302530253025,100,0.1,0.11845833333333333,0.45961500842900094,0.6789130591630592,0.6114789622142563,0.0,0.4583333333333333
google__benzene__gcn__seed2026,google,benzene,gcn,2026,saliency,0.45,45,0.08951388888888888,0.09852860286028604,100,0.1,0.11183333333333331,0.46968167509566755,0.6713589466089465,0.608094807969808,0.0,0.47368421052631576
google__benzene__gcn__seed42,google,benzene,gcn,42,atom_occlusion,0.43,43,0.0905138888888889,0.09951870187018702,100,0.1,0.102625,0.4527128345159573,0.7012619047619046,0.6360632284382285,0.0,0.45227272727272727
google__benzene__gcn__seed42,google,benzene,gcn,42,saliency,0.41000000000000003,41,0.0893611111111111,0.09837733773377338,100,0.1,0.12024999999999998,0.4348783586203359,0.7160443722943722,0.6382264818514818,0.0,0.43478260869565216
google__benzene__gin__seed123,google,benzene,gin,123,atom_occlusion,0.37,37,0.08465277777777779,0.09371562156215618,100,0.1,0.10112499999999999,0.3945404704215782,0.794063492063492,0.7015166361416361,0.0,0.4
google__benzene__gin__seed123,google,benzene,gin,123,saliency,0.43,43,0.0869583333333333,0.0959983498349835,100,0.1,0.11937500000000002,0.4527128345159573,0.6900945165945164,0.6190042914601738,0.0,0.45227272727272727
google__benzene__gin__seed2026,google,benzene,gin,2026,atom_occlusion,0.46,46,0.09016666666666666,0.0991749174917492,100,0.1,0.09058333333333332,0.48809834176233424,0.6544426406926407,0.6021737346760566,0.0,0.48
google__benzene__gin__seed2026,google,benzene,gin,2026,saliency,0.6,60,0.08929166666666666,0.09830858085808582,100,0.1,0.10541666666666667,0.6160916245216622,0.5242463647463648,0.4902099369498752,0.0,0.6190476190476191
google__benzene__gin__seed42,google,benzene,gin,42,atom_occlusion,0.39,39,0.08904166666666667,0.09806105610561056,100,0.1,0.11262499999999998,0.40965951804062584,0.7516309523809522,0.6641441197691198,0.0,0.4090909090909091
google__benzene__gin__seed42,google,benzene,gin,42,saliency,0.41000000000000003,41,0.0853611111111111,0.0944169416941694,100,0.1,0.11574999999999999,0.4348783586203359,0.7206168831168831,0.6413867521367521,0.0,0.43478260869565216
google__logic10__gcn__seed123,google,logic10,gcn,123,atom_occlusion,0.62,62,0.08806666209607383,0.09709570504561761,100,0.1,0.10777355977355976,0.643859361388376,0.6826481157731159,0.6294499639507379,0.0,0.64
google__logic10__gcn__seed123,google,logic10,gcn,123,saliency,0.88,88,0.08978525069701539,0.09879727791783698,100,0.1,0.07542948717948716,0.9044864034460179,0.5077391388711049,0.4883596366298783,0.0,0.9090909090909091
google__logic10__gcn__seed2026,google,logic10,gcn,2026,atom_occlusion,0.58,58,0.08604460898578542,0.09509367226315385,100,0.1,0.10837612387612387,0.6035956443722295,0.7268212065712066,0.6686967827923711,0.0,0.6
google__logic10__gcn__seed2026,google,logic10,gcn,2026,saliency,0.86,86,0.08522969514145982,0.09428682687273246,100,0.1,0.07658653846153846,0.8835699014697331,0.5189204571228565,0.49942987763608643,0.0,0.88
google__logic10__gcn__seed42,google,logic10,gcn,42,atom_occlusion,0.63,63,0.08970734494263904,0.09872014350756335,100,0.1,0.0977094572094572,0.6532343613883762,0.6802899322899324,0.6332152305039302,0.0,0.6521739130434783
google__logic10__gcn__seed42,google,logic10,gcn,42,saliency,0.91,91,0.08919390739978972,0.09821178950474223,100,0.1,0.07625799200799199,0.9338352287177534,0.49252283721572987,0.47520169149511593,0.0,0.9375
google__logic10__gin__seed123,google,logic10,gin,123,atom_occlusion,0.61,61,0.08864406508524153,0.09766739117350641,100,0.1,0.08077401764901762,0.6347018522308668,0.7140289571539572,0.6686157208804266,0.0,0.6363636363636364
google__logic10__gin__seed123,google,logic10,gin,123,saliency,0.85,85,0.08722391334156038,0.09626130033817853,100,0.1,0.10158491508491506,0.8723556157554475,0.5121211428750128,0.48613994866801435,0.0,0.875
google__logic10__gin__seed2026,google,logic10,gin,2026,atom_occlusion,0.6,60,0.08958583573289455,0.09859983735930151,100,0.1,0.09464855977355975,0.6183148957091278,0.7193698246198246,0.6682054095715085,0.0,0.6190476190476191
google__logic10__gin__seed2026,google,logic10,gin,2026,saliency,0.81,81,0.08297211938388406,0.09205160335038022,100,0.1,0.08212728937728936,0.8357920867092252,0.5452912624870829,0.5209069519848393,0.0,0.8333333333333334
google__logic10__gin__seed42,google,logic10,gin,42,atom_occlusion,0.71,71,0.08838523241464415,0.09741112120261794,100,0.1,0.09837087912087909,0.7363289103233106,0.6058007792860735,0.5680435993744818,0.0,0.7391304347826086
google__logic10__gin__seed42,google,logic10,gin,42,saliency,0.74,74,0.0888350244526715,0.09785645985413012,100,0.1,0.09361330336330335,0.7659285576630037,0.586474198402217,0.5530667700462591,0.0,0.7619047619047619
google__logic7__gcn__seed123,google,logic7,gcn,123,atom_occlusion,0.31,31,0.08605699855699857,0.09969793887704337,66,0.1,0.06957953394123606,0.32899563852469804,0.5464285714285714,0.5214070799177182,0.0,0.32
google__logic7__gcn__seed123,google,logic7,gcn,123,saliency,0.96,96,0.051515151515151514,0.06567164179104479,66,0.1,0.028014184397163116,0.9948936170212767,0.19252581990973514,0.19171021707285574,0.0,1.0
google__logic7__gcn__seed2026,google,logic7,gcn,2026,atom_occlusion,0.37,37,0.08515512265512264,0.0988095238095238,66,0.1,0.054305977710233024,0.39782984641081,0.4638129010469436,0.44947192287617826,0.0,0.4
google__logic7__gcn__seed2026,google,logic7,gcn,2026,saliency,0.96,96,0.051515151515151514,0.06567164179104479,66,0.1,0.016666666666666663,0.9948936170212767,0.1942988695551252,0.1936960326756926,0.0,1.0
google__logic7__gcn__seed42,google,logic7,gcn,42,atom_occlusion,0.27,27,0.08571428571428572,0.09936034115138594,66,0.1,0.0626646403242148,0.28818596489492326,0.6278115501519757,0.6017170182063799,0.0,0.2857142857142857
google__logic7__gcn__seed42,google,logic7,gcn,42,saliency,0.96,96,0.04141414141414141,0.05572139303482587,66,0.1,0.028014184397163116,0.9948936170212767,0.19252581990973514,0.19171021707285574,0.0,1.0
google__logic7__gin__seed123,google,logic7,gin,123,atom_occlusion,0.6900000000000001,69,0.08430735930735932,0.09797441364605544,66,0.1,0.08282674772036475,0.7178330720591641,0.24761432941971118,0.2432986931241328,0.0,0.72
google__logic7__gin__seed123,google,logic7,gin,123,saliency,0.9400000000000001,94,0.08324314574314573,0.0969260838663824,66,0.1,0.06524822695035461,0.9573506207231287,0.19309272659545304,0.19132826912203582,0.0,0.9545454545454546
google__logic7__gin__seed2026,google,logic7,gin,2026,atom_occlusion,0.88,88,0.07373737373737374,0.08756218905472636,66,0.1,0.08865248226950355,0.9054155271605429,0.20028283568234817,0.1980347331606628,0.0,0.9090909090909091
google__logic7__gin__seed2026,google,logic7,gin,2026,saliency,0.92,92,0.083495670995671,0.09717484008528786,66,0.1,0.09822695035460995,0.9480649064374145,0.19102909873395288,0.1889031604475394,0.0,0.9545454545454546
google__logic7__gin__seed42,google,logic7,gin,42,atom_occlusion,0.89,89,0.08412698412698413,0.09779673063255154,66,0.1,0.07963525835866261,0.9117734745948357,0.19766182684876812,0.19445178249776668,0.0,0.9090909090909091
google__logic7__gin__seed42,google,logic7,gin,42,saliency,0.96,96,0.018181818181818184,0.032835820895522394,66,0.1,0.014184397163120567,0.9948936170212767,0.1951853943778203,0.19475986246292665,0.0,1.0
google__logic8__gcn__seed123,google,logic8,gcn,123,atom_occlusion,0.56,56,0.0851484903984904,0.09420642613711921,100,0.1,0.11920815295815296,0.5875354769144646,0.4515907148407149,0.4248921854289501,0.0,0.589572192513369
google__logic8__gcn__seed123,google,logic8,gcn,123,saliency,0.7000000000000001,70,0.08556526806526805,0.09461907729234463,100,0.1,0.11609668109668109,0.7244331221111338,0.37084297891650825,0.35495782738932896,0.0,0.72
google__logic8__gcn__seed2026,google,logic8,gcn,2026,atom_occlusion,0.66,66,0.0889136419136419,0.09793429892439794,100,0.1,0.09677164502164501,0.6802649174579181,0.4043756105006105,0.38799997989626467,0.0,0.68
google__logic8__gcn__seed2026,google,logic8,gcn,2026,saliency,0.67,67,0.08991783216783218,0.09892854670082395,100,0.1,0.11943398268398267,0.6981895206325212,0.38254951992451985,0.36648232838712713,0.0,0.6978260869565217
google__logic8__gcn__seed42,google,logic8,gcn,42,atom_occlusion,0.62,62,0.08744610944610944,0.0964812964812965,100,0.1,0.1029025974025974,0.6442758408661828,0.42076895326895325,0.40105295555837356,0.0,0.64
google__logic8__gcn__seed42,google,logic8,gcn,42,saliency,0.61,61,0.08967205017205016,0.09868519819014869,100,0.1,0.12324747474747473,0.6369986735890155,0.4166507659007659,0.39523365733853344,0.0,0.64
google__logic8__gin__seed123,google,logic8,gin,123,atom_occlusion,0.73,73,0.08853798978798977,0.09756236612672255,100,0.1,0.08519155844155843,0.7548557645014234,0.3675759553054444,0.35416747519766095,0.0,0.75
google__logic8__gin__seed123,google,logic8,gin,123,saliency,0.81,81,0.0794570707070707,0.08857135713571357,100,0.1,0.08879797979797979,0.8369654266987555,0.33458091392611516,0.3250708832286602,0.0,0.8333333333333334
google__logic8__gin__seed2026,google,logic8,gin,2026,atom_occlusion,0.79,79,0.08554123654123653,0.09459528370419457,100,0.1,0.07479401154401154,0.8083630457463745,0.3505913044643695,0.3408243512593357,0.0,0.8
google__logic8__gin__seed2026,google,logic8,gin,2026,saliency,0.84,84,0.09099722499722498,0.09999725247249999,100,0.1,0.09529797979797978,0.8612240939337654,0.3219389867098845,0.3114976824449835,0.0,0.8636363636363636
google__logic8__gin__seed42,google,logic8,gin,42,atom_occlusion,0.77,77,0.07985064935064934,0.08896103896103898,100,0.1,0.08575036075036076,0.7935664528147701,0.3551716892498626,0.34531240163196003,0.0,0.7916666666666666
google__logic8__gin__seed42,google,logic8,gin,42,saliency,0.93,93,0.07956757131757132,0.08868076368076373,100,0.1,0.08129004329004327,0.9548363202336617,0.29780409059203305,0.29097715130026347,0.0,0.9565217391304348
