target,policy,method,alpha,models,test_molecules,calibration_molecules,bootstrap_replicates,risk,risk_ci_low,risk_ci_high,mean_atom_fraction,mean_atom_fraction_ci_low,mean_atom_fraction_ci_high,equal_size_random_risk,equal_size_random_risk_ci_low,equal_size_random_risk_ci_high,risk_minus_random,risk_minus_random_ci_low,risk_minus_random_ci_high,precision,precision_ci_low,precision_ci_high,iou,iou_ci_low,iou_ci_high,tie_inflation,tie_inflation_ci_low,tie_inflation_ci_high,risk_pass_cells,efficiency_pass_cells,mean_selected_fraction
hepatotoxic_class,include_all_exact_ties_v2,atom_occlusion,0.1,6,31,33,2000,0.05161191854740242,0.03483468070161619,0.06881043463704752,0.8958722195318195,0.8906687434051178,0.9022240123120167,0.10412778046818043,0.09777598768798318,0.10933125659488212,-0.05251586192077804,-0.06954692224842829,-0.03518831216739626,0.2838153164065739,0.21960433777439153,0.3525462327494032,0.27688801842338695,0.21535693567331346,0.34290755435735837,0.0015925553994813957,0.00033602150537634406,0.002948860384818639,6,1,0.8666666666666667
hepatotoxic_class,include_all_exact_ties_v2,gradinput,0.1,6,31,33,2000,0.06600135229167488,0.04501231668570378,0.08745458170861396,0.8929045269286828,0.8861898482378389,0.9002597632422387,0.10709547307131718,0.09974023675776122,0.113810151762161,-0.041094120779642314,-0.06079600258464441,-0.021167165108005415,0.2773156828400372,0.21467308160868984,0.3440352468861275,0.26767537840981603,0.20887128170726435,0.32987260351844966,0.005698586737402943,0.002511434060253928,0.009379355509844207,6,0,0.8616666666666667
hepatotoxic_class,include_all_exact_ties_v2,ig,0.1,6,31,33,2000,0.05905444615122034,0.04149274784355429,0.07662500656452267,0.9167455440678409,0.9094232818754708,0.925229897841111,0.08325445593215906,0.07477010215888898,0.09057671812452901,-0.024200009780938708,-0.04179972676301964,-0.006846313184523466,0.2765566811706365,0.21268337159997175,0.3458788170538833,0.2701819079209186,0.20851304468503848,0.336894135609539,0.0060877239782163375,0.0028151910813201137,0.009854994267664044,5,0,0.8850000000000001
hepatotoxic_class,include_all_exact_ties_v2,saliency,0.1,6,31,33,2000,0.06906370212821826,0.04364734727637954,0.09795941812070844,0.9229720719201865,0.9162342054769516,0.9313837482280405,0.07702792807981343,0.06861625177195955,0.08376579452304843,-0.007964225951595159,-0.03515509662704059,0.02256174398127003,0.2780679057537692,0.21234288351970113,0.3496738361567358,0.2735734347206173,0.20948088382037514,0.34390962330935426,0.005919942930512348,0.003155625547635188,0.009043128298603487,5,0,0.8900000000000001
hepatotoxic_class,index_tiebreak_v1,atom_occlusion,0.1,6,31,33,2000,0.049957658828626565,0.03349847210734307,0.06704982965063606,0.901547141488089,0.8963603128069696,0.9082913901510264,0.09845285851191095,0.09170860984897329,0.10363968719303052,-0.048495199683284376,-0.0647201573268968,-0.03156603402222154,0.2825860639874802,0.21863271279148078,0.35135289146381704,0.276131889391951,0.2147676518371303,0.3418997673073966,0.0,0.0,0.0,6,1,0.8733333333333334
hepatotoxic_class,index_tiebreak_v1,gradinput,0.1,6,31,33,2000,0.06618515892709442,0.04546732016490082,0.08778736198091036,0.8894095165947297,0.8850699576685546,0.8942565291138614,0.11059048340527024,0.10574347088613839,0.11493004233144546,-0.04440532447817582,-0.06477768977033668,-0.023564820149391694,0.2780153964042478,0.21612551080787543,0.3445987274550328,0.2684254252896315,0.2090814216716455,0.3314611524468352,0.0,0.0,0.0,6,0,0.8633333333333333
hepatotoxic_class,index_tiebreak_v1,ig,0.1,6,31,33,2000,0.06206756206756207,0.042813529809497555,0.0824861406514632,0.9140295834683089,0.9088251129102819,0.920442530880159,0.08597041653169106,0.0795574691198409,0.09117488708971808,-0.023902854464128986,-0.04380204458699076,-0.0025917199620107763,0.2760507847140133,0.21240292173358302,0.3450723788652036,0.2695198099541069,0.2081411461062258,0.3363605871226332,0.0,0.0,0.0,6,0,0.8883333333333333
hepatotoxic_class,index_tiebreak_v1,saliency,0.1,6,31,33,2000,0.07678358081583887,0.04940250535008599,0.10766227500098462,0.9254645554890122,0.9200610715824945,0.9327572239422842,0.074535444510988,0.06724277605771595,0.07993892841750566,0.002248136304850899,-0.02642320779382528,0.03391539726198427,0.2755606528440761,0.21036371485919397,0.3464866564634964,0.27142706452715293,0.20800020274177716,0.3411623120104743,0.0,0.0,0.0,5,0,0.8966666666666666
observed_class,include_all_exact_ties_v2,atom_occlusion,0.1,6,31,33,2000,0.06852541126734674,0.04272515492273557,0.09775911812202133,0.9212499471872851,0.915731204634403,0.9283471386293579,0.07875005281271483,0.07165286137064195,0.08426879536559702,-0.010224641545368061,-0.035333962053562845,0.017401936697895335,0.2760522158523819,0.2113797278178606,0.3449100972022441,0.2704910563167202,0.20761766452893332,0.3368172825734145,0.0012544802867383513,0.00026881720430107527,0.0024193548387096775,5,0,0.8916666666666667
observed_class,include_all_exact_ties_v2,gradinput,0.1,6,31,33,2000,0.08573923090052121,0.05487358370422886,0.12372016424435776,0.9252534955435909,0.9190404835828961,0.9325632650504115,0.07474650445640908,0.06743673494958859,0.08095951641710382,0.010992726444112156,-0.018528641636664865,0.04644533038965413,0.26919520841892847,0.20740861210563308,0.336075737107004,0.26155295891885977,0.202592638198273,0.3252676216732501,0.0034007034749819125,0.0009788837011884552,0.006381149446196133,5,0,0.895
observed_class,include_all_exact_ties_v2,ig,0.1,6,31,33,2000,0.08779228537293053,0.05295912271718724,0.12799850985334857,0.9324249556914661,0.9256439687592594,0.9402143660470608,0.06757504430853417,0.05978563395293924,0.07435603124074078,0.020217241064396374,-0.014141882228958706,0.05942191824023934,0.2690545867238161,0.20586995585932225,0.33669629119813893,0.26224751377117406,0.20139868980033437,0.32731148775278873,0.0033288474173082797,0.0006535664408447033,0.006858294153497888,4,0,0.9033333333333334
observed_class,include_all_exact_ties_v2,saliency,0.1,6,31,33,2000,0.04836904433678627,0.028551037522811715,0.07317772952853596,0.9343700765205225,0.926667920891772,0.9425636893518032,0.06562992347947755,0.05743631064819676,0.07333207910822813,-0.017260879142691275,-0.03828069073565227,0.00814917538265133,0.27709313025263793,0.21231240930539957,0.3478761309497142,0.2729193634373671,0.2095219016265045,0.3422763483273672,0.0063044971859346505,0.003046444545100459,0.01008263232318835,6,0,0.9016666666666667
observed_class,index_tiebreak_v1,atom_occlusion,0.1,6,31,33,2000,0.06472783488912522,0.03942996967190515,0.09321002698018828,0.9221990433039969,0.9164767780925502,0.9298289825329676,0.07780095669600326,0.07017101746703273,0.08352322190744976,-0.013073121806878049,-0.03731357153289379,0.013903788571056995,0.27666478848696957,0.2122848913689424,0.34505426347353335,0.2710631907801896,0.20855046854194176,0.33736211206628364,0.0,0.0,0.0,5,0,0.8933333333333334
observed_class,index_tiebreak_v1,gradinput,0.1,6,31,33,2000,0.08487763729699213,0.05500331508396024,0.12231740780127875,0.9231362133380051,0.9186527084396161,0.9283698024770326,0.07686378666199496,0.07163019752296738,0.08134729156038388,0.008013850634997181,-0.021168806563648855,0.043743667919547785,0.2698147203895129,0.20763789156780404,0.33678356051086866,0.26216126828633934,0.20256830632777995,0.326405947143228,0.0,0.0,0.0,5,0,0.8966666666666666
observed_class,index_tiebreak_v1,ig,0.1,6,31,33,2000,0.08838965693804403,0.05465030787611432,0.12805984711226645,0.932843947195427,0.9277921952710082,0.9394521751722836,0.06715605280457305,0.06054782482771648,0.07220780472899194,0.021233604133470974,-0.012769392391933091,0.060332766746145364,0.2686938385680457,0.2058819942941676,0.33590456286289816,0.2620551884493614,0.20146084575976128,0.32643975340726256,0.0,0.0,0.0,3,0,0.9066666666666667
observed_class,index_tiebreak_v1,saliency,0.1,6,31,33,2000,0.04200473958538475,0.025345663148082506,0.062320091049929686,0.9441795372275623,0.9390078501530971,0.9509258850518086,0.055820462772437546,0.04907411494819143,0.06099214984690286,-0.013815723187052799,-0.03003821210340838,0.005991439502013792,0.27625425373344037,0.2109972776997023,0.3462789195922681,0.2735312329130522,0.20915820252661366,0.34270845176282877,0.0,0.0,0.0,6,0,0.9166666666666669
